timestamp,dlc,inv_byte0
0.34409117698669434,8,0
0.3441448211669922,8,0
0.3442258834838867,8,0
0.34424710273742676,8,0
0.3442831039428711,8,0
0.3443019390106201,8,0
0.34433507919311523,8,0
0.3443598747253418,8,0
0.3443901538848877,8,0
0.34441494941711426,8,0
0.3444478511810303,8,0
0.3444688320159912,8,0
0.34448790550231934,8,0
0.34451985359191895,8,0
0.3445448875427246,8,0
0.3445718288421631,8,0
0.34459805488586426,8,0
0.34462785720825195,8,0
0.3446519374847412,8,0
0.3446781635284424,8,0
0.3446979522705078,8,0
0.34879302978515625,8,0
0.36080098152160645,8,0
0.372805118560791,8,0
0.3847939968109131,8,0
0.3967888355255127,8,0
0.40884995460510254,8,0
0.4207649230957031,8,0
0.4327831268310547,8,0
0.44480085372924805,8,0
0.45680999755859375,8,0
0.46878886222839355,8,0
0.4808650016784668,8,0
0.4927690029144287,8,0
0.5047299861907959,8,0
0.5167348384857178,8,0
0.528735876083374,8,0
0.5409979820251465,8,0
0.552757978439331,8,0
0.5648128986358643,8,0
0.5767889022827148,8,0
0.5888099670410156,8,0
0.6008179187774658,8,0
0.6129860877990723,8,0
0.6248550415039062,8,0
0.636909008026123,8,0
0.6488499641418457,8,0
0.6608569622039795,8,0
0.6728701591491699,8,0
0.6848540306091309,8,0
0.696911096572876,8,0
0.7088351249694824,8,0
0.720844030380249,8,0
0.7330999374389648,8,0
0.7448277473449707,8,0
0.7568309307098389,8,0
0.7688748836517334,8,0
0.78084397315979,8,0
0.7928450107574463,8,0
0.8047900199890137,8,0
0.8168177604675293,8,0
0.8288230895996094,8,0
0.8408279418945312,8,0
0.8529260158538818,8,0
0.8648359775543213,8,0
0.8768320083618164,8,0
0.8888130187988281,8,0
0.9008560180664062,8,0
0.9128339290618896,8,0
0.9248108863830566,8,0
0.9370501041412354,8,0
0.948828935623169,8,0
0.9608299732208252,8,0
0.9728240966796875,8,0
0.9848959445953369,8,0
0.9967601299285889,8,0
1.0087568759918213,8,0
1.0208320617675781,8,0
1.0331969261169434,8,0
1.0448050498962402,8,0
1.056809902191162,8,0
1.0687921047210693,8,0
1.0808041095733643,8,0
1.0928151607513428,8,0
1.1048591136932373,8,0
1.1170501708984375,8,0
1.1288869380950928,8,0
1.1408591270446777,8,0
1.1528599262237549,8,0
1.1648471355438232,8,0
1.1768460273742676,8,0
1.1889469623565674,8,0
1.2008540630340576,8,0
1.2128269672393799,8,0
1.224787950515747,8,0
1.2370848655700684,8,0
1.2487709522247314,8,0
1.2607779502868652,8,0
1.2728638648986816,8,0
1.2848598957061768,8,0
1.2968449592590332,8,0
1.3088397979736328,8,0
1.3208489418029785,8,0
1.3328361511230469,8,0
1.3450720310211182,8,0
1.3568439483642578,8,0
1.3688199520111084,8,0
1.3808388710021973,8,0
1.3930680751800537,8,0
1.4048218727111816,8,0
1.4170730113983154,8,0
1.4289121627807617,8,0
1.4408488273620605,8,0
1.4527978897094727,8,0
1.4648089408874512,8,0
1.4770290851593018,8,0
1.4888949394226074,8,0
1.5010349750518799,8,0
1.5128388404846191,8,0
1.5248050689697266,8,0
1.5368139743804932,8,0
1.5488100051879883,8,0
1.560817003250122,8,0
1.5728278160095215,8,0
1.5848100185394287,8,0
1.5967910289764404,8,0
1.6088008880615234,8,0
1.6210429668426514,8,0
1.6328041553497314,8,0
1.6451020240783691,8,0
1.6568679809570312,8,0
1.6694719791412354,8,0
1.680880069732666,8,0
1.6930909156799316,8,0
1.7048628330230713,8,0
1.7171471118927002,8,0
1.7288050651550293,8,0
1.741222858428955,8,0
1.7528200149536133,8,0
1.7648320198059082,8,0
1.776845932006836,8,0
1.7891309261322021,8,0
1.8008041381835938,8,0
1.812859058380127,8,0
1.8248450756072998,8,0
1.8368370532989502,8,0
1.8487839698791504,8,0
1.8607769012451172,8,0
1.8727858066558838,8,0
1.8848271369934082,8,0
1.8971009254455566,8,0
1.9088408946990967,8,0
1.9208359718322754,8,0
1.932811975479126,8,0
1.944885015487671,8,0
1.9568219184875488,8,0
1.9688141345977783,8,0
1.9808349609375,8,0
1.993129014968872,8,0
2.0051441192626953,8,0
2.016845941543579,8,0
2.028848171234131,8,0
2.0410749912261963,8,0
2.052802085876465,8,0
2.0653271675109863,8,0
2.0768229961395264,8,0
2.089063882827759,8,0
2.101284980773926,8,0
2.1127967834472656,8,0
2.1248130798339844,8,0
2.136806011199951,8,0
2.1488780975341797,8,0
2.1608829498291016,8,0
2.173006057739258,8,0
2.185131072998047,8,0
2.196873903274536,8,0
2.2088701725006104,8,0
2.2211079597473145,8,0
2.233409881591797,8,0
2.245094060897827,8,0
2.256849765777588,8,0
2.268871784210205,8,0
2.281073808670044,8,0
2.292860984802246,8,0
2.3048489093780518,8,0
2.3170418739318848,8,0
2.3288497924804688,8,0
2.340864896774292,8,0
2.352839946746826,8,0
2.3648569583892822,8,0
2.3771300315856934,8,0
2.388840913772583,8,0
2.401115894317627,8,0
2.412838935852051,8,0
2.424834966659546,8,0
2.4368679523468018,8,0
2.4488589763641357,8,0
2.460958957672119,8,0
2.4730868339538574,8,0
2.484844923019409,8,0
2.496983051300049,8,0
2.5088398456573486,8,0
2.5208487510681152,8,0
2.53288197517395,8,0
2.544827938079834,8,0
2.5568270683288574,8,0
2.56884503364563,8,0
2.5808329582214355,8,0
2.592810869216919,8,0
2.6048150062561035,8,0
2.616814136505127,8,0
2.6288130283355713,8,0
2.640834093093872,8,0
2.6528189182281494,8,0
2.664891004562378,8,0
2.677561044692993,8,0
2.688886880874634,8,0
2.701108932495117,8,0
2.7128970623016357,8,0
2.7250988483428955,8,0
2.736863851547241,8,0
2.7491090297698975,8,0
2.760874032974243,8,0
2.7728638648986816,8,0
2.78486704826355,8,0
2.7968640327453613,8,0
2.8088550567626953,8,0
2.820888042449951,8,0
2.8328540325164795,8,0
2.8448498249053955,8,0
2.8570830821990967,8,0
2.868968963623047,8,0
2.8811049461364746,8,0
2.8932368755340576,8,0
2.904850959777832,8,0
2.9168450832366943,8,0
2.9288487434387207,8,0
2.9408490657806396,8,0
2.9528439044952393,8,0
2.9648749828338623,8,0
2.9768388271331787,8,0
2.9888339042663574,8,0
3.000878095626831,8,0
3.0129690170288086,8,0
3.024840831756592,8,0
3.0368189811706543,8,0
3.04907488822937,8,0
3.0608320236206055,8,0
3.072861909866333,8,0
3.0848491191864014,8,0
3.096975088119507,8,0
3.1088218688964844,8,0
3.1208341121673584,8,0
3.132828950881958,8,0
3.1448161602020264,8,0
3.156826972961426,8,0
3.1688239574432373,8,0
3.181304931640625,8,0
3.189509153366089,8,0
3.202191114425659,8,0
3.2138969898223877,8,0
3.2258899211883545,8,0
3.237917900085449,8,0
3.250092029571533,8,0
3.2619431018829346,8,0
3.273873805999756,8,0
3.285867929458618,8,0
3.29787278175354,8,0
3.3099019527435303,8,0
3.321887969970703,8,0
3.3338611125946045,8,0
3.3460400104522705,8,0
3.3578600883483887,8,0
3.3701109886169434,8,0
3.378477096557617,8,0
3.3908658027648926,8,0
3.402859926223755,8,0
3.4148221015930176,8,0
3.4268531799316406,8,0
3.438811779022217,8,0
3.4508731365203857,8,0
3.462843894958496,8,0
3.4748411178588867,8,0
3.486842155456543,8,0
3.4988410472869873,8,0
3.5108349323272705,8,0
3.522829055786133,8,0
3.5348498821258545,8,0
3.5468358993530273,8,0
3.558833122253418,8,0
3.5674500465393066,8,0
3.579836845397949,8,0
3.5920169353485107,8,0
3.6040828227996826,8,0
3.615835189819336,8,0
3.6278209686279297,8,0
3.639824867248535,8,0
3.651823043823242,8,0
3.663831949234009,8,0
3.675845146179199,8,0
3.6878671646118164,8,0
3.699824094772339,8,0
3.7122480869293213,8,0
3.7238359451293945,8,0
3.7358288764953613,8,0
3.747889757156372,8,0
3.7566561698913574,8,0
3.7688839435577393,8,0
3.781219959259033,8,0
3.7898340225219727,8,0
3.802043914794922,8,0
3.8141729831695557,8,0
3.825981855392456,8,0
3.837979793548584,8,0
3.8500490188598633,8,0
3.86228609085083,8,0
3.8740410804748535,8,0
3.8858721256256104,8,0
3.894566774368286,8,0
3.9072840213775635,8,0
3.919287919998169,8,0
3.9310131072998047,8,0
3.9431710243225098,8,0
3.955026865005493,8,0
3.967010021209717,8,0
3.979036808013916,8,0
3.9910168647766113,8,0
4.003010034561157,8,0
4.01520299911499,8,0
4.02728009223938,8,0
4.039313793182373,8,0
4.051018953323364,8,0
4.063022136688232,8,0
4.0748279094696045,8,0
4.0870749950408936,8,0
4.098826885223389,8,0
4.107535123825073,8,0
4.119440078735352,8,0
4.1285789012908936,8,0
4.140551805496216,8,0
4.152535915374756,8,0
4.16454815864563,8,0
4.176564931869507,8,0
4.190342903137207,8,0
4.200906038284302,8,0
4.2126078605651855,8,0
4.224569082260132,8,0
4.236592054367065,8,0
4.248582124710083,8,0
4.261126756668091,8,0
4.272979974746704,8,0
4.284698009490967,8,0
4.2965989112854,8,0
4.308582067489624,8,0
4.320517063140869,8,0
4.332576036453247,8,0
4.344574928283691,8,0
4.356590032577515,8,0
4.36857795715332,8,0
4.380805015563965,8,0
4.392568111419678,8,0
4.4045679569244385,8,0
4.41655707359314,8,0
4.4285569190979,8,0
4.440566062927246,8,0
4.452569007873535,8,0
4.464565992355347,8,0
4.4765448570251465,8,0
4.4885571002960205,8,0
4.500574827194214,8,0
4.5126259326934814,8,0
4.524561882019043,8,0
4.536562919616699,8,0
4.548547029495239,8,0
4.560550928115845,8,0
4.572551965713501,8,0
4.584546089172363,8,0
4.596539735794067,8,0
4.608585834503174,8,0
4.620537042617798,8,0
4.632565021514893,8,0
4.644543886184692,8,0
4.656989812850952,8,0
4.668539762496948,8,0
4.6805479526519775,8,0
4.692552804946899,8,0
4.704538106918335,8,0
4.7165398597717285,8,0
4.728602170944214,8,0
4.740602970123291,8,0
4.752627849578857,8,0
4.765141010284424,8,0
4.776600122451782,8,0
4.788595914840698,8,0
4.80058479309082,8,0
4.812601089477539,8,0
4.824596881866455,8,0
4.836583852767944,8,0
4.8489038944244385,8,0
4.860574007034302,8,0
4.872589111328125,8,0
4.884624004364014,8,0
4.8967108726501465,8,0
4.908566951751709,8,0
4.920583963394165,8,0
4.9325878620147705,8,0
4.944859027862549,8,0
4.956553936004639,8,0
4.968689203262329,8,0
4.980572938919067,8,0
4.992563962936401,8,0
5.004507780075073,8,0
5.016654968261719,8,0
5.028628826141357,8,0
5.040558099746704,8,0
5.052564859390259,8,0
5.064589023590088,8,0
5.076514959335327,8,0
5.088490009307861,8,0
5.100574016571045,8,0
5.112591981887817,8,0
5.124505996704102,8,0
5.136529922485352,8,0
5.148555040359497,8,0
5.160542964935303,8,0
5.172544002532959,8,0
5.184553861618042,8,0
5.196761131286621,8,0
5.208548069000244,8,0
5.220546007156372,8,0
5.232558012008667,8,0
5.244596004486084,8,0
5.256601095199585,8,0
5.268678188323975,8,0
5.280604839324951,8,0
5.2926719188690186,8,0
5.304620981216431,8,0
5.316589117050171,8,0
5.32862401008606,8,0
5.34054708480835,8,0
5.352604866027832,8,0
5.364706993103027,8,0
5.376590013504028,8,0
5.388767957687378,8,0
5.400613069534302,8,0
5.41257905960083,8,0
5.4245829582214355,8,0
5.436574935913086,8,0
5.4485838413238525,8,0
5.460591077804565,8,0
5.472592830657959,8,0
5.484804153442383,8,0
5.496592044830322,8,0
5.508831024169922,8,0
5.52067494392395,8,0
5.532556056976318,8,0
5.544550895690918,8,0
5.556503057479858,8,0
5.568562984466553,8,0
5.580538034439087,8,0
5.592751979827881,8,0
5.604542970657349,8,0
5.616539001464844,8,0
5.628633975982666,8,0
5.640542984008789,8,0
5.652538061141968,8,0
5.66454291343689,8,0
5.6774280071258545,8,0
5.688819885253906,8,0
5.700581073760986,8,0
5.712550163269043,8,0
5.724498987197876,8,0
5.736556053161621,8,0
5.748553991317749,8,0
5.7609100341796875,8,0
5.772707939147949,8,0
5.784666061401367,8,0
5.796597957611084,8,0
5.808603048324585,8,0
5.820578098297119,8,0
5.832482099533081,8,0
5.84459114074707,8,0
5.856594800949097,8,0
5.86853814125061,8,0
5.880686044692993,8,0
5.892475843429565,8,0
5.904984951019287,8,0
5.916539192199707,8,0
5.928461074829102,8,0
5.940587997436523,8,0
5.9525768756866455,8,0
5.964582204818726,8,0
5.976598024368286,8,0
5.9900548458099365,8,0
6.002254009246826,8,0
6.012710094451904,8,0
6.025585174560547,8,0
6.036895036697388,8,0
6.04866099357605,8,0
6.060705900192261,8,0
6.072499990463257,8,0
6.084644079208374,8,0
6.096507787704468,8,0
6.108494997024536,8,0
6.120445966720581,8,0
6.13248610496521,8,0
6.144474029541016,8,0
6.156557083129883,8,0
6.168510913848877,8,0
6.180546998977661,8,0
6.192825078964233,8,0
6.204586982727051,8,0
6.216594934463501,8,0
6.22856593132019,8,0
6.240539789199829,8,0
6.252577066421509,8,0
6.264572858810425,8,0
6.277414798736572,8,0
6.28864598274231,8,0
6.301365852355957,8,0
6.31253981590271,8,0
6.324522018432617,8,0
6.3365349769592285,8,0
6.348984003067017,8,0
6.36051082611084,8,0
6.372577905654907,8,0
6.384573936462402,8,0
6.396585941314697,8,0
6.4085259437561035,8,0
6.420644044876099,8,0
6.4324657917022705,8,0
6.444494009017944,8,0
6.456551790237427,8,0
6.468578100204468,8,0
6.480768918991089,8,0
6.492527961730957,8,0
6.504641056060791,8,0
6.5165159702301025,8,0
6.5286781787872314,8,0
6.5405800342559814,8,0
6.552547931671143,8,0
6.564564943313599,8,0
6.577240943908691,8,0
6.5894410610198975,8,0
6.600562810897827,8,0
6.612555027008057,8,0
6.624561071395874,8,0
6.6367950439453125,8,0
6.6485490798950195,8,0
6.663066148757935,8,0
6.672516107559204,8,0
6.68457293510437,8,0
6.696567058563232,8,0
6.70849609375,8,0
6.720553874969482,8,0
6.732544898986816,8,0
6.745306015014648,8,0
6.756554841995239,8,0
6.768631935119629,8,0
6.781625032424927,8,0
6.792605876922607,8,0
6.80480694770813,8,0
6.8167219161987305,8,0
6.829508066177368,8,0
6.840565919876099,8,0
6.853211164474487,8,0
6.8646368980407715,8,0
6.876605987548828,8,0
6.888611078262329,8,0
6.900547981262207,8,0
6.912582159042358,8,0
6.924602031707764,8,0
6.936585903167725,8,0
6.948606967926025,8,0
6.960590124130249,8,0
6.9727091789245605,8,0
6.984575986862183,8,0
6.996626853942871,8,0
7.0085179805755615,8,0
7.021260023117065,8,0
7.032646179199219,8,0
7.044773101806641,8,0
7.056571960449219,8,0
7.069432020187378,8,0
7.0805699825286865,8,0
7.092813968658447,8,0
7.104758024215698,8,0
7.1177520751953125,8,0
7.128791093826294,8,0
7.140836954116821,8,0
7.15268087387085,8,0
7.164546966552734,8,0
7.17667293548584,8,0
7.18907904624939,8,0
7.200546026229858,8,0
7.213289022445679,8,0
7.224532842636108,8,0
7.237052917480469,8,0
7.248548984527588,8,0
7.260545969009399,8,0
7.272526025772095,8,0
7.2854650020599365,8,0
7.296602964401245,8,0
7.308609962463379,8,0
7.321042776107788,8,0
7.332643985748291,8,0
7.344603776931763,8,0
7.356604814529419,8,0
7.368597030639648,8,0
7.380607843399048,8,0
7.392614841461182,8,0
7.404860973358154,8,0
7.416591167449951,8,0
7.42861795425415,8,0
7.440922021865845,8,0
7.452770948410034,8,0
7.464622974395752,8,0
7.47660493850708,8,0
7.488890171051025,8,0
7.500760078430176,8,0
7.5126049518585205,8,0
7.524621963500977,8,0
7.5366740226745605,8,0
7.548588037490845,8,0
7.560614824295044,8,0
7.572569131851196,8,0
7.584572792053223,8,0
7.596754789352417,8,0
7.608553886413574,8,0
7.620827913284302,8,0
7.632559061050415,8,0
7.6445701122283936,8,0
7.656583786010742,8,0
7.6687538623809814,8,0
7.680572986602783,8,0
7.692584991455078,8,0
7.704690933227539,8,0
7.716526031494141,8,0
7.728543996810913,8,0
7.740734815597534,8,0
7.7525718212127686,8,0
7.764563798904419,8,0
7.776559114456177,8,0
7.789141893386841,8,0
7.800729036331177,8,0
7.813617944717407,8,0
7.824623107910156,8,0
7.836601972579956,8,0
7.848603010177612,8,0
7.860749006271362,8,0
7.873131036758423,8,0
7.884615898132324,8,0
7.8966100215911865,8,0
7.908876895904541,8,0
7.920608043670654,8,0
7.932666063308716,8,0
7.944611072540283,8,0
7.956851959228516,8,0
7.968542814254761,8,0
7.980597972869873,8,0
7.99261212348938,8,0
8.004547119140625,8,0
8.016669988632202,8,0
8.028770923614502,8,0
8.040721893310547,8,0
8.052588939666748,8,0
8.064589977264404,8,0
8.076603174209595,8,0
8.088592052459717,8,0
8.100550174713135,8,0
8.112520933151245,8,0
8.124578952789307,8,0
8.136590003967285,8,0
8.148838758468628,8,0
8.160577058792114,8,0
8.172595977783203,8,0
8.184619903564453,8,0
8.196554899215698,8,0
8.208527088165283,8,0
8.220507860183716,8,0
8.232481956481934,8,0
8.244572877883911,8,0
8.256564855575562,8,0
8.268555879592896,8,0
8.280617952346802,8,0
8.293139934539795,8,0
8.30479884147644,8,0
8.316565990447998,8,0
8.328636884689331,8,0
8.340641975402832,8,0
8.352559089660645,8,0
8.364872932434082,8,0
8.3766188621521,8,0
8.388617992401123,8,0
8.400880098342896,8,0
8.412620067596436,8,0
8.424595832824707,8,0
8.436612129211426,8,0
8.448632001876831,8,0
8.460612058639526,8,0
8.47263503074646,8,0
8.484613180160522,8,0
8.496612071990967,8,0
8.508584976196289,8,0
8.520559072494507,8,0
8.532542943954468,8,0
8.544708013534546,8,0
8.55659794807434,8,0
8.568599939346313,8,0
8.580592155456543,8,0
8.592605829238892,8,0
8.60452389717102,8,0
8.616594791412354,8,0
8.628585815429688,8,0
8.64060091972351,8,0
8.652582168579102,8,0
8.664573907852173,8,0
8.676593780517578,8,0
8.688591003417969,8,0
8.700577020645142,8,0
8.712575912475586,8,0
8.724570989608765,8,0
8.736577987670898,8,0
8.748564004898071,8,0
8.760558128356934,8,0
8.772568941116333,8,0
8.784568071365356,8,0
8.797508955001831,8,0
8.808571815490723,8,0
8.820569038391113,8,0
8.832636833190918,8,0
8.844634056091309,8,0
8.856571912765503,8,0
8.868628025054932,8,0
8.880625009536743,8,0
8.892693042755127,8,0
8.904647827148438,8,0
8.916624784469604,8,0
8.928637981414795,8,0
8.940629959106445,8,0
8.95261001586914,8,0
8.964600086212158,8,0
8.976603031158447,8,0
8.988603115081787,8,0
9.000574827194214,8,0
9.012587070465088,8,0
9.024602174758911,8,0
9.036861896514893,8,0
9.048702955245972,8,0
9.060642004013062,8,0
9.072602033615112,8,0
9.084606885910034,8,0
9.096596956253052,8,0
9.10862112045288,8,0
9.120911121368408,8,0
9.132593154907227,8,0
9.144559144973755,8,0
9.15658688545227,8,0
9.168612957000732,8,0
9.1805899143219,8,0
9.192588090896606,8,0
9.204819917678833,8,0
9.216856002807617,8,0
9.228593111038208,8,0
9.240577936172485,8,0
9.252617835998535,8,0
9.264568090438843,8,0
9.276569128036499,8,0
9.288575887680054,8,0
9.301139831542969,8,0
9.31259274482727,8,0
9.324585914611816,8,0
9.336570024490356,8,0
9.348639965057373,8,0
9.36065673828125,8,0
9.372642040252686,8,0
9.385129928588867,8,0
9.397095918655396,8,0
9.409117937088013,8,0
9.421074867248535,8,0
9.433044910430908,8,0
9.44510006904602,8,0
9.457217931747437,8,0
9.469090938568115,8,0
9.481088876724243,8,0
9.489694833755493,8,0
9.5019850730896,8,0
9.5140700340271,8,0
9.526297092437744,8,0
9.538028001785278,8,0
9.550019979476929,8,0
9.562028884887695,8,0
9.574021100997925,8,0
9.586022853851318,8,0
9.598005056381226,8,0
9.610140800476074,8,0
9.622013807296753,8,0
9.634201049804688,8,0
9.646031141281128,8,0
9.65804386138916,8,0
9.669955968856812,8,0
9.678694009780884,8,0
9.691057205200195,8,0
9.703528881072998,8,0
9.715067863464355,8,0
9.727059841156006,8,0
9.739049911499023,8,0
9.751062870025635,8,0
9.763056993484497,8,0
9.775061845779419,8,0
9.787093877792358,8,0
9.799086093902588,8,0
9.811064004898071,8,0
9.823072910308838,8,0
9.835336923599243,8,0
9.847331047058105,8,0
9.859142065048218,8,0
9.87125301361084,8,0
9.88313913345337,8,0
9.895118951797485,8,0
9.907124996185303,8,0
9.91911506652832,8,0
9.931206941604614,8,0
9.94312596321106,8,0
9.955107927322388,8,0
9.967070817947388,8,0
9.979079961776733,8,0
9.991044998168945,8,0
10.003108978271484,8,0
10.015101909637451,8,0
10.027697801589966,8,0
10.039119958877563,8,0
10.051084995269775,8,0
10.063057899475098,8,0
10.071615934371948,8,0
10.083555936813354,8,0
10.096002101898193,8,0
10.10806393623352,8,0
10.120187759399414,8,0
10.131993055343628,8,0
10.14057183265686,8,0
10.153401136398315,8,0
10.16512393951416,8,0
10.177102088928223,8,0
10.189101934432983,8,0
10.201043844223022,8,0
10.2130868434906,8,0
10.225040912628174,8,0
10.237046003341675,8,0
10.248898029327393,8,0
10.261087894439697,8,0
10.272901058197021,8,0
10.285172939300537,8,0
10.29715085029602,8,0
10.309146165847778,8,0
10.320896863937378,8,0
10.332892894744873,8,0
10.344901084899902,8,0
10.356859922409058,8,0
10.368924856185913,8,0
10.381155967712402,8,0
10.393245935440063,8,0
10.405147075653076,8,0
10.416954040527344,8,0
10.429139852523804,8,0
10.44095516204834,8,0
10.453144073486328,8,0
10.464983940124512,8,0
10.477160930633545,8,0
10.48894190788269,8,0
10.501152992248535,8,0
10.513116836547852,8,0
10.52512502670288,8,0
10.536942958831787,8,0
10.54931092262268,8,0
10.561023950576782,8,0
10.5731520652771,8,0
10.58495306968689,8,0
10.597148895263672,8,0
10.609467029571533,8,0
10.62113881111145,8,0
10.632945775985718,8,0
10.645153045654297,8,0
10.656909942626953,8,0
10.669137954711914,8,0
10.680910110473633,8,0
10.693140983581543,8,0
10.704923152923584,8,0
10.717193841934204,8,0
10.728903770446777,8,0
10.741611003875732,8,0
10.753168821334839,8,0
10.765111923217773,8,0
10.776949882507324,8,0
10.788928985595703,8,0
10.800903797149658,8,0
10.813174962997437,8,0
10.824949979782104,8,0
10.837419986724854,8,0
10.848963022232056,8,0
10.861166954040527,8,0
10.872989892959595,8,0
10.885179042816162,8,0
10.896985054016113,8,0
10.90913987159729,8,0
10.92096495628357,8,0
10.932982921600342,8,0
10.944965124130249,8,0
10.957150936126709,8,0
10.968967914581299,8,0
10.981142044067383,8,0
10.993313074111938,8,0
11.005147933959961,8,0
11.016983985900879,8,0
11.02914309501648,8,0
11.04098892211914,8,0
11.053250074386597,8,0
11.065054893493652,8,0
11.07731294631958,8,0
11.089177131652832,8,0
11.101151943206787,8,0
11.112942934036255,8,0
11.125147104263306,8,0
11.136927843093872,8,0
11.149139881134033,8,0
11.16092586517334,8,0
11.173210144042969,8,0
11.18496298789978,8,0
11.197147846221924,8,0
11.208922147750854,8,0
11.221145153045654,8,0
11.232939004898071,8,0
11.24518609046936,8,0
11.256902933120728,8,0
11.268902778625488,8,0
11.280927896499634,8,0
11.292897939682007,8,0
11.304924964904785,8,0
11.317150831222534,8,0
11.32892107963562,8,0
11.341150999069214,8,0
11.35292100906372,8,0
11.365146160125732,8,0
11.376920938491821,8,0
11.389150857925415,8,0
11.40103006362915,8,0
11.412965059280396,8,0
11.42497205734253,8,0
11.437419891357422,8,0
11.448965072631836,8,0
11.461418867111206,8,0
11.47296404838562,8,0
11.485419988632202,8,0
11.49698781967163,8,0
11.50898790359497,8,0
11.520956993103027,8,0
11.533139944076538,8,0
11.544950008392334,8,0
11.557152032852173,8,0
11.569040775299072,8,0
11.581207036972046,8,0
11.593170881271362,8,0
11.605241060256958,8,0
11.616979837417603,8,0
11.629432916641235,8,0
11.640946865081787,8,0
11.652938842773438,8,0
11.664927005767822,8,0
11.677152872085571,8,0
11.688943147659302,8,0
11.701146125793457,8,0
11.713608980178833,8,0
11.724936962127686,8,0
11.737028121948242,8,0
11.748950958251953,8,0
11.76092791557312,8,0
11.773141860961914,8,0
11.78491997718811,8,0
11.797148942947388,8,0
11.808959007263184,8,0
11.821224927902222,8,0
11.832921028137207,8,0
11.845152854919434,8,0
11.856920003890991,8,0
11.869646072387695,8,0
11.880922079086304,8,0
11.893142938613892,8,0
11.904960870742798,8,0
11.91722297668457,8,0
11.928977966308594,8,0
11.941143035888672,8,0
11.952996969223022,8,0
11.965425968170166,8,0
11.97697401046753,8,0
11.989203929901123,8,0
12.000944137573242,8,0
12.013108015060425,8,0
12.024978876113892,8,0
12.036966800689697,8,0
12.048955917358398,8,0
12.061139822006226,8,0
12.073045015335083,8,0
12.08541989326477,8,0
12.096948862075806,8,0
12.108996152877808,8,0
12.12095594406128,8,0
12.13314700126648,8,0
12.144941091537476,8,0
12.15714716911316,8,0
12.169197082519531,8,0
12.180934190750122,8,0
12.19293212890625,8,0
12.205159902572632,8,0
12.216945886611938,8,0
12.22914719581604,8,0
12.240934133529663,8,0
12.25291395187378,8,0
12.264889001846313,8,0
12.276923894882202,8,0
12.289180994033813,8,0
12.301169872283936,8,0
12.313173055648804,8,0
12.325218915939331,8,0
12.33692479133606,8,0
12.348948955535889,8,0
12.360925912857056,8,0
12.37355375289917,8,0
12.384949922561646,8,0
12.397148847579956,8,0
12.408933162689209,8,0
12.421167135238647,8,0
12.432987928390503,8,0
12.445204019546509,8,0
12.456983089447021,8,0
12.469310998916626,8,0
12.480970859527588,8,0
12.494554996490479,8,0
12.505011796951294,8,0
12.517177104949951,8,0
12.529414892196655,8,0
12.541165113449097,8,0
12.552970886230469,8,0
12.56522274017334,8,0
12.577059030532837,8,0
12.589153051376343,8,0
12.600951910018921,8,0
12.61316990852356,8,0
12.625091075897217,8,0
12.63716197013855,8,0
12.648961067199707,8,0
12.661175966262817,8,0
12.67294192314148,8,0
12.685211181640625,8,0
12.696940898895264,8,0
12.70914888381958,8,0
12.720955848693848,8,0
12.733113050460815,8,0
12.745139837265015,8,0
12.75716495513916,8,0
12.768945217132568,8,0
12.781163930892944,8,0
12.79296088218689,8,0
12.805116891860962,8,0
12.816930055618286,8,0
12.829170942306519,8,0
12.840996026992798,8,0
12.85293197631836,8,0
12.865165948867798,8,0
12.876981973648071,8,0
12.88917589187622,8,0
12.90113878250122,8,0
12.912920951843262,8,0
12.925145149230957,8,0
12.936929941177368,8,0
12.949702024459839,8,0
12.961008071899414,8,0
12.97321891784668,8,0
12.98500394821167,8,0
12.997209072113037,8,0
13.008960962295532,8,0
13.021177053451538,8,0
13.032981872558594,8,0
13.045145988464355,8,0
13.05747103691101,8,0
13.069147109985352,8,0
13.081094026565552,8,0
13.093249082565308,8,0
13.10496997833252,8,0
13.117161989212036,8,0
13.129017114639282,8,0
13.140869140625,8,0
13.152930974960327,8,0
13.165121078491211,8,0
13.176900148391724,8,0
13.189172983169556,8,0
13.201136112213135,8,0
13.213672876358032,8,0
13.224978923797607,8,0
13.237130880355835,8,0
13.248904943466187,8,0
13.260954141616821,8,0
13.27295994758606,8,0
13.28518795967102,8,0
13.29735016822815,8,0
13.309425830841064,8,0
13.320940971374512,8,0
13.333420038223267,8,0
13.34493112564087,8,0
13.35716700553894,8,0
13.369168758392334,8,0
13.381157159805298,8,0
13.392940998077393,8,0
13.405136823654175,8,0
13.416966199874878,8,0
13.429188966751099,8,0
13.440960884094238,8,0
13.453145027160645,8,0
13.465000867843628,8,0
13.477161884307861,8,0
13.488991022109985,8,0
13.501124143600464,8,0
13.512964010238647,8,0
13.525326013565063,8,0
13.537028074264526,8,0
13.549149990081787,8,0
13.560981035232544,8,0
13.57315993309021,8,0
13.5850989818573,8,0
13.597158908843994,8,0
13.608979940414429,8,0
13.62149691581726,8,0
13.633004903793335,8,0
13.645196914672852,8,0
13.656967878341675,8,0
13.669425010681152,8,0
13.680978775024414,8,0
13.693199157714844,8,0
13.704969882965088,8,0
13.717169046401978,8,0
13.728965997695923,8,0
13.741169214248657,8,0
13.753231048583984,8,0
13.765148878097534,8,0
13.776968955993652,8,0
13.78912901878357,8,0
13.800920009613037,8,0
13.813175916671753,8,0
13.824985980987549,8,0
13.83721113204956,8,0
13.848938941955566,8,0
13.861179113388062,8,0
13.872946977615356,8,0
13.885679960250854,8,0
13.896964073181152,8,0
13.909428834915161,8,0
13.92094898223877,8,0
13.933420896530151,8,0
13.944931030273438,8,0
13.95720911026001,8,0
13.969012022018433,8,0
13.981433153152466,8,0
13.993034839630127,8,0
14.005367994308472,8,0
14.016957998275757,8,0
14.02918815612793,8,0
14.041028022766113,8,0
14.053192853927612,8,0
14.064998149871826,8,0
14.077425003051758,8,0
14.089074850082397,8,0
14.101165056228638,8,0
14.112987041473389,8,0
14.124987840652466,8,0
14.136987924575806,8,0
14.149003982543945,8,0
14.1610848903656,8,0
14.173151016235352,8,0
14.184987783432007,8,0
14.19718599319458,8,0
14.208976030349731,8,0
14.221017122268677,8,0
14.232980966567993,8,0
14.245158910751343,8,0
14.256931066513062,8,0
14.26915192604065,8,0
14.281111001968384,8,0
14.293150901794434,8,0
14.30496096611023,8,0
14.317003965377808,8,0
14.328966856002808,8,0
14.341161012649536,8,0
14.352955102920532,8,0
14.365195989608765,8,0
14.376986026763916,8,0
14.388954162597656,8,0
14.40098786354065,8,0
14.41316294670105,8,0
14.424941062927246,8,0
14.43693995475769,8,0
14.448960065841675,8,0
14.461169004440308,8,0
14.472963094711304,8,0
14.485429048538208,8,0
14.497053861618042,8,0
14.50917100906372,8,0
14.521003007888794,8,0
14.533160924911499,8,0
14.545031785964966,8,0
14.557194948196411,8,0
14.569005012512207,8,0
14.581220149993896,8,0
14.59308385848999,8,0
14.605237007141113,8,0
14.61700987815857,8,0
14.629701137542725,8,0
14.640988826751709,8,0
14.653172969818115,8,0
14.66523289680481,8,0
14.676980018615723,8,0
14.688976764678955,8,0
14.701451063156128,8,0
14.712968826293945,8,0
14.725176095962524,8,0
14.736981868743896,8,0
14.748975038528442,8,0
14.76098895072937,8,0
14.77296781539917,8,0
14.784996032714844,8,0
14.797192811965942,8,0
14.809074878692627,8,0
14.8211510181427,8,0
14.8330819606781,8,0
14.845224857330322,8,0
14.856950998306274,8,0
14.869163990020752,8,0
14.880950927734375,8,0
14.893200874328613,8,0
14.905004024505615,8,0
14.916949987411499,8,0
14.928961992263794,8,0
14.940969944000244,8,0
14.952946901321411,8,0
14.965131044387817,8,0
14.976900100708008,8,0
14.989177942276001,8,0
15.001018047332764,8,0
15.013216018676758,8,0
15.025012016296387,8,0
15.037431955337524,8,0
15.04902195930481,8,0
15.061420917510986,8,0
15.073041915893555,8,0
15.085182905197144,8,0
15.09708309173584,8,0
15.109161853790283,8,0
15.121041774749756,8,0
15.133190870285034,8,0
15.144988775253296,8,0
15.157179117202759,8,0
15.169111013412476,8,0
15.181196928024292,8,0
15.192986965179443,8,0
15.205204010009766,8,0
15.216995000839233,8,0
15.229198932647705,8,0
15.240952014923096,8,0
15.253146171569824,8,0
15.264979839324951,8,0
15.277463912963867,8,0
15.28897500038147,8,0
15.301151990890503,8,0
15.312968969345093,8,0
15.325185060501099,8,0
15.337090015411377,8,0
15.349174976348877,8,0
15.360970973968506,8,0
15.373425006866455,8,0
15.384963035583496,8,0
15.397158861160278,8,0
15.408972978591919,8,0
15.42117714881897,8,0
15.432906866073608,8,0
15.445430040359497,8,0
15.456942081451416,8,0
15.468950986862183,8,0
15.480957984924316,8,0
15.493151903152466,8,0
15.505047082901001,8,0
15.51718807220459,8,0
15.52902603149414,8,0
15.537652015686035,8,0
15.550235033035278,8,0
15.562040090560913,8,0
15.573947191238403,8,0
15.586012840270996,8,0
15.597969770431519,8,0
15.610022068023682,8,0
15.622012853622437,8,0
15.63396406173706,8,0
15.646001100540161,8,0
15.65793776512146,8,0
15.670010089874268,8,0
15.681932926177979,8,0
15.693909883499146,8,0
15.705990076065063,8,0
15.718160152435303,8,0
15.727107048034668,8,0
15.73900580406189,8,0
15.751199007034302,8,0
15.762948989868164,8,0
15.774991989135742,8,0
15.786926031112671,8,0
15.798987865447998,8,0
15.810983896255493,8,0
15.822983980178833,8,0
15.834993124008179,8,0
15.8469717502594,8,0
15.858996868133545,8,0
15.870971918106079,8,0
15.882971048355103,8,0
15.894971132278442,8,0
15.906966924667358,8,0
15.915707111358643,8,0
15.92796802520752,8,0
15.939970970153809,8,0
15.951987981796265,8,0
15.963956832885742,8,0
15.976208925247192,8,0
15.987971067428589,8,0
16.000159978866577,8,0
16.011960983276367,8,0
16.023953914642334,8,0
16.03595805168152,8,0
16.04800295829773,8,0
16.059983015060425,8,0
16.072630882263184,8,0
16.084012985229492,8,0
16.096113920211792,8,0
16.104657888412476,8,0
16.117550134658813,8,0
16.129019737243652,8,0
16.141175985336304,8,0
16.153024911880493,8,0
16.165194034576416,8,0
16.177013874053955,8,0
16.189231157302856,8,0
16.201000928878784,8,0
16.213186025619507,8,0
16.225000858306885,8,0
16.237195014953613,8,0
16.24899983406067,8,0
16.261211156845093,8,0
16.272995948791504,8,0
16.285176038742065,8,0
16.29360795021057,8,0
16.30598282814026,8,0
16.317947149276733,8,0
16.32670521736145,8,0
16.33916211128235,8,0
16.351149082183838,8,0
16.36315107345581,8,0
16.375141143798828,8,0
16.387156009674072,8,0
16.39944291114807,8,0
16.411148071289062,8,0
16.4232177734375,8,0
16.43165397644043,8,0
16.44352412223816,8,0
16.45267605781555,8,0
16.464695930480957,8,0
16.476675987243652,8,0
16.48867893218994,8,0
16.50287675857544,8,0
16.51270604133606,8,0
16.525441884994507,8,0
16.536675930023193,8,0
16.549425840377808,8,0
16.560749053955078,8,0
16.573185920715332,8,0
16.584984064102173,8,0
16.596662044525146,8,0
16.608816146850586,8,0
16.62067198753357,8,0
16.63271403312683,8,0
16.64473605155945,8,0
16.65671706199646,8,0
16.668896913528442,8,0
16.680733919143677,8,0
16.692627906799316,8,0
16.704730987548828,8,0
16.716710805892944,8,0
16.7287437915802,8,0
16.740705966949463,8,0
16.752710103988647,8,0
16.764694929122925,8,0
16.77687096595764,8,0
16.7886860370636,8,0
16.800712823867798,8,0
16.81269097328186,8,0
16.824631929397583,8,0
16.836683988571167,8,0
16.848686933517456,8,0
16.861428022384644,8,0
16.87271285057068,8,0
16.88467502593994,8,0
16.89661693572998,8,0
16.90867805480957,8,0
16.921097993850708,8,0
16.93266987800598,8,0
16.94492793083191,8,0
16.956676959991455,8,0
16.968660831451416,8,0
16.98068881034851,8,0
16.992943048477173,8,0
17.004690885543823,8,0
17.016923904418945,8,0
17.02867889404297,8,0
17.04070806503296,8,0
17.0527081489563,8,0
17.06466293334961,8,0
17.07720184326172,8,0
17.088788986206055,8,0
17.101453065872192,8,0
17.112834930419922,8,0
17.12567400932312,8,0
17.136722803115845,8,0
17.149487018585205,8,0
17.160682916641235,8,0
17.17263698577881,8,0
17.18481993675232,8,0
17.19743299484253,8,0
17.2086660861969,8,0
17.220688819885254,8,0
17.23266100883484,8,0
17.2446870803833,8,0
17.256699085235596,8,0
17.26864981651306,8,0
17.280667066574097,8,0
17.29271697998047,8,0
17.304649829864502,8,0
17.316718101501465,8,0
17.328648805618286,8,0
17.34071397781372,8,0
17.3527090549469,8,0
17.36520504951477,8,0
17.376701831817627,8,0
17.388616800308228,8,0
17.4006929397583,8,0
17.412678003311157,8,0
17.42461585998535,8,0
17.43671178817749,8,0
17.448930978775024,8,0
17.46071696281433,8,0
17.47268295288086,8,0
17.484974145889282,8,0
17.496698141098022,8,0
17.508721828460693,8,0
17.520692825317383,8,0
17.53268599510193,8,0
17.544663906097412,8,0
17.556657075881958,8,0
17.568689823150635,8,0
17.580770015716553,8,0
17.592751026153564,8,0
17.605210065841675,8,0
17.61683702468872,8,0
17.629444122314453,8,0
17.64075803756714,8,0
17.65269184112549,8,0
17.664729118347168,8,0
17.6767258644104,8,0
17.688731908798218,8,0
17.701189041137695,8,0
17.71272087097168,8,0
17.725471019744873,8,0
17.736721754074097,8,0
17.748655080795288,8,0
17.760921955108643,8,0
17.772724866867065,8,0
17.784648895263672,8,0
17.796732902526855,8,0
17.808722972869873,8,0
17.82072901725769,8,0
17.83271598815918,8,0
17.84470796585083,8,0
17.85663676261902,8,0
17.86945104598999,8,0
17.88070797920227,8,0
17.892637968063354,8,0
17.904850959777832,8,0
17.916785955429077,8,0
17.928635835647583,8,0
17.94071078300476,8,0
17.952624082565308,8,0
17.964985132217407,8,0
17.976948976516724,8,0
17.988676071166992,8,0
18.00070595741272,8,0
18.012676000595093,8,0
18.024677991867065,8,0
18.036697149276733,8,0
18.048696994781494,8,0
18.06070590019226,8,0
18.07268714904785,8,0
18.085432052612305,8,0
18.096784830093384,8,0
18.109128952026367,8,0
18.120857000350952,8,0
18.13301181793213,8,0
18.14473295211792,8,0
18.157214879989624,8,0
18.16867995262146,8,0
18.180678129196167,8,0
18.19273805618286,8,0
18.20561718940735,8,0
18.21698784828186,8,0
18.22946310043335,8,0
18.24067497253418,8,0
18.25272798538208,8,0
18.264734983444214,8,0
18.27671504020691,8,0
18.288733959197998,8,0
18.300694942474365,8,0
18.312729120254517,8,0
18.324710845947266,8,0
18.33672285079956,8,0
18.348654985427856,8,0
18.360730171203613,8,0
18.373456954956055,8,0
18.384719133377075,8,0
18.39670181274414,8,0
18.40871500968933,8,0
18.420682907104492,8,0
18.432673931121826,8,0
18.444706916809082,8,0
18.4567449092865,8,0
18.468703031539917,8,0
18.48070502281189,8,0
18.492753982543945,8,0
18.50469994544983,8,0
18.51671600341797,8,0
18.528706073760986,8,0
18.54071283340454,8,0
18.552706003189087,8,0
18.56469988822937,8,0
18.57670497894287,8,0
18.588700771331787,8,0
18.60076093673706,8,0
18.613445043563843,8,0
18.62485694885254,8,0
18.637459993362427,8,0
18.64869713783264,8,0
18.66098403930664,8,0
18.672690868377686,8,0
18.68470287322998,8,0
18.696748971939087,8,0
18.709455966949463,8,0
18.72075390815735,8,0
18.733245849609375,8,0
18.744711875915527,8,0
18.757375955581665,8,0
18.76862406730652,8,0
18.780848026275635,8,0
18.7927029132843,8,0
18.80475902557373,8,0
18.81697106361389,8,0
18.8287570476532,8,0
18.840739011764526,8,0
18.85273289680481,8,0
18.86472487449646,8,0
18.877401113510132,8,0
18.88887906074524,8,0
18.900737047195435,8,0
18.912744998931885,8,0
18.924708127975464,8,0
18.936963081359863,8,0
18.94870901107788,8,0
18.960719108581543,8,0
18.975181102752686,8,0
18.984723806381226,8,0
18.99674391746521,8,0
19.00899600982666,8,0
19.02073383331299,8,0
19.032719135284424,8,0
19.044697999954224,8,0
19.056720733642578,8,0
19.068742752075195,8,0
19.0807888507843,8,0
19.092715978622437,8,0
19.1047420501709,8,0
19.117472887039185,8,0
19.128872871398926,8,0
19.140836000442505,8,0
19.152784824371338,8,0
19.165222883224487,8,0
19.176783084869385,8,0
19.18869400024414,8,0
19.200775861740112,8,0
19.212751150131226,8,0
19.22472095489502,8,0
19.23726201057434,8,0
19.24874997138977,8,0
19.261414766311646,8,0
19.272705078125,8,0
19.284759998321533,8,0
19.29675793647766,8,0
19.308778047561646,8,0
19.32076907157898,8,0
19.33324694633484,8,0
19.34474492073059,8,0
19.357460021972656,8,0
19.369005918502808,8,0
19.38130497932434,8,0
19.39304280281067,8,0
19.404730081558228,8,0
19.416730165481567,8,0
19.42871594429016,8,0
19.440757989883423,8,0
19.452666997909546,8,0
19.464725017547607,8,0
19.476714849472046,8,0
19.488703966140747,8,0
19.500723838806152,8,0
19.512699842453003,8,0
19.524752855300903,8,0
19.536720752716064,8,0
19.548707008361816,8,0
19.560965061187744,8,0
19.57302188873291,8,0
19.584707021713257,8,0
19.597028017044067,8,0
19.608911991119385,8,0
19.620767831802368,8,0
19.632857084274292,8,0
19.64476203918457,8,0
19.656763076782227,8,0
19.669207096099854,8,0
19.681025981903076,8,0
19.692699193954468,8,0
19.70479416847229,8,0
19.716786861419678,8,0
19.728763818740845,8,0
19.741200923919678,8,0
19.75277090072632,8,0
19.76544499397278,8,0
19.776746034622192,8,0
19.788734912872314,8,0
19.80079412460327,8,0
19.812680959701538,8,0
19.824742078781128,8,0
19.83746600151062,8,0
19.848762035369873,8,0
19.860760927200317,8,0
19.87273597717285,8,0
19.885324954986572,8,0
19.89673399925232,8,0
19.908761978149414,8,0
19.920674085617065,8,0
19.932727098464966,8,0
19.944660902023315,8,0
19.95672607421875,8,0
19.96873116493225,8,0
19.980743885040283,8,0
19.992724895477295,8,0
20.007735013961792,8,0
20.01671004295349,8,0
20.028754949569702,8,0
20.04078483581543,8,0
20.052783012390137,8,0
20.06470489501953,8,0
20.07671809196472,8,0
20.08890700340271,8,0
20.100728034973145,8,0
20.11272692680359,8,0
20.12471914291382,8,0
20.136916875839233,8,0
20.15016794204712,8,0
20.160771131515503,8,0
20.172961950302124,8,0
20.184764862060547,8,0
20.196947813034058,8,0
20.20873999595642,8,0
20.221441984176636,8,0
20.23296093940735,8,0
20.245238065719604,8,0
20.256742000579834,8,0
20.26921010017395,8,0
20.28085994720459,8,0
20.29351496696472,8,0
20.304781913757324,8,0
20.317457914352417,8,0
20.328691005706787,8,0
20.34124493598938,8,0
20.35276484489441,8,0
20.36468195915222,8,0
20.377017974853516,8,0
20.389468908309937,8,0
20.400987148284912,8,0
20.412744998931885,8,0
20.424731969833374,8,0
20.436794996261597,8,0
20.448689937591553,8,0
20.460698127746582,8,0
20.472758054733276,8,0
20.484750032424927,8,0
20.496689796447754,8,0
20.508725881576538,8,0
20.520745992660522,8,0
20.53273606300354,8,0
20.544742107391357,8,0
20.556737899780273,8,0
20.568742752075195,8,0
20.580781936645508,8,0
20.59272789955139,8,0
20.604730129241943,8,0
20.6167631149292,8,0
20.628727912902832,8,0
20.640881776809692,8,0
20.65348196029663,8,0
20.6648108959198,8,0
20.677345991134644,8,0
20.688805103302002,8,0
20.700727939605713,8,0
20.712806940078735,8,0
20.72547698020935,8,0
20.73720908164978,8,0
20.74921488761902,8,0
20.76103186607361,8,0
20.773448944091797,8,0
20.784767866134644,8,0
20.797472953796387,8,0
20.808764934539795,8,0
20.821457862854004,8,0
20.832701921463013,8,0
20.845221996307373,8,0
20.857003927230835,8,0
20.869709968566895,8,0
20.88073492050171,8,0
20.893589973449707,8,0
20.90480613708496,8,0
20.916800022125244,8,0
20.928791999816895,8,0
20.94074583053589,8,0
20.952690839767456,8,0
20.96469497680664,8,0
20.976806163787842,8,0
20.988746881484985,8,0
21.00070285797119,8,0
21.012744903564453,8,0
21.02474808692932,8,0
21.036767959594727,8,0
21.0487380027771,8,0
21.060746908187866,8,0
21.07276201248169,8,0
21.084749937057495,8,0
21.09675097465515,8,0
21.108743906021118,8,0
21.120749950408936,8,0
21.13274598121643,8,0
21.144886016845703,8,0
21.15674114227295,8,0
21.168807983398438,8,0
21.18080496788025,8,0
21.192781925201416,8,0
21.20502281188965,8,0
21.217160940170288,8,0
21.22927498817444,8,0
21.240806818008423,8,0
21.253788948059082,8,0
21.26477885246277,8,0
21.27704381942749,8,0
21.289034843444824,8,0
21.301210165023804,8,0
21.312960863113403,8,0
21.32572317123413,8,0
21.33669400215149,8,0
21.34876799583435,8,0
21.361265182495117,8,0
21.373207092285156,8,0
21.38471007347107,8,0
21.39773988723755,8,0
21.40924906730652,8,0
21.420804977416992,8,0
21.43292784690857,8,0
21.444805145263672,8,0
21.456995964050293,8,0
21.468910932540894,8,0
21.480758905410767,8,0
21.49343514442444,8,0
21.504989862442017,8,0
21.516806840896606,8,0
21.528756856918335,8,0
21.540707111358643,8,0
21.552743911743164,8,0
21.564687967300415,8,0
21.58138108253479,8,0
21.58871603012085,8,0
21.600738048553467,8,0
21.612728118896484,8,0
21.62476110458374,8,0
21.636729955673218,8,0
21.648879051208496,8,0
21.66072702407837,8,0
21.67308211326599,8,0
21.684785842895508,8,0
21.69681406021118,8,0
21.70889115333557,8,0
21.720796823501587,8,0
21.733931064605713,8,0
21.74525475502014,8,0
21.757996082305908,8,0
21.769277811050415,8,0
21.781326055526733,8,0
21.79319190979004,8,0
21.805192947387695,8,0
21.81752586364746,8,0
21.82972002029419,8,0
21.838068962097168,8,0
21.850482940673828,8,0
21.862202167510986,8,0
21.874183893203735,8,0
21.88633394241333,8,0
21.898164987564087,8,0
21.91033101081848,8,0
21.922165870666504,8,0
21.934192180633545,8,0
21.946181058883667,8,0
21.958189964294434,8,0
21.97018003463745,8,0
21.982182025909424,8,0
21.99415898323059,8,0
22.006175994873047,8,0
22.018161058425903,8,0
22.02689290046692,8,0
22.039228916168213,8,0
22.051231861114502,8,0
22.06322979927063,8,0
22.075217962265015,8,0
22.087223052978516,8,0
22.09923505783081,8,0
22.11126184463501,8,0
22.123230934143066,8,0
22.135227918624878,8,0
22.147244930267334,8,0
22.159245014190674,8,0
22.171224117279053,8,0
22.183271884918213,8,0
22.195283889770508,8,0
22.207316875457764,8,0
22.219112873077393,8,0
22.231137990951538,8,0
22.24312400817871,8,0
22.25511384010315,8,0
22.267096996307373,8,0
22.27923083305359,8,0
22.29113483428955,8,0
22.30315899848938,8,0
22.31511092185974,8,0
22.327106952667236,8,0
22.339097023010254,8,0
22.351107120513916,8,0
22.363093852996826,8,0
22.375090837478638,8,0
22.387104034423828,8,0
22.399127960205078,8,0
22.411075115203857,8,0
22.42310404777527,8,0
22.435128927230835,8,0
22.447327852249146,8,0
22.459075927734375,8,0
22.46768307685852,8,0
22.479809999465942,8,0
22.488764762878418,8,0
22.50103187561035,8,0
22.51277208328247,8,0
22.525233030319214,8,0
22.53673005104065,8,0
22.54911994934082,8,0
22.560774087905884,8,0
22.572755813598633,8,0
22.584744930267334,8,0
22.59674596786499,8,0
22.60858702659607,8,0
22.62074589729309,8,0
22.632586002349854,8,0
22.644758939743042,8,0
22.65694308280945,8,0
22.668808937072754,8,0
22.680588960647583,8,0
22.692751169204712,8,0
22.704673051834106,8,0
22.71675205230713,8,0
22.728836059570312,8,0
22.740829944610596,8,0
22.752629041671753,8,0
22.764753818511963,8,0
22.776630878448486,8,0
22.788749933242798,8,0
22.800635814666748,8,0
22.812751054763794,8,0
22.824885845184326,8,0
22.836843013763428,8,0
22.84864091873169,8,0
22.860759019851685,8,0
22.872606992721558,8,0
22.884932041168213,8,0
22.896831035614014,8,0
22.908820867538452,8,0
22.92062520980835,8,0
22.933017015457153,8,0
22.944604873657227,8,0
22.956732988357544,8,0
22.9686279296875,8,0
22.98076581954956,8,0
22.992862939834595,8,0
23.004820823669434,8,0
23.01662588119507,8,0
23.028751134872437,8,0
23.0410099029541,8,0
23.05283808708191,8,0
23.064607858657837,8,0
23.07674479484558,8,0
23.08858585357666,8,0
23.100769996643066,8,0
23.112603902816772,8,0
23.124807834625244,8,0
23.136605978012085,8,0
23.14874005317688,8,0
23.16076898574829,8,0
23.172745943069458,8,0
23.18459391593933,8,0
23.196742057800293,8,0
23.208614110946655,8,0
23.220795154571533,8,0
23.232638835906982,8,0
23.24480891227722,8,0
23.25665783882141,8,0
23.26898717880249,8,0
23.280673027038574,8,0
23.292747974395752,8,0
23.304687976837158,8,0
23.31675100326538,8,0
23.32863998413086,8,0
23.34077215194702,8,0
23.35263681411743,8,0
23.364827156066895,8,0
23.376649856567383,8,0
23.388751983642578,8,0
23.400646209716797,8,0
23.41276216506958,8,0
23.424633026123047,8,0
23.436836004257202,8,0
23.448634147644043,8,0
23.460771083831787,8,0
23.47263789176941,8,0
23.484786987304688,8,0
23.496623039245605,8,0
23.508759021759033,8,0
23.520628929138184,8,0
23.532838106155396,8,0
23.54462194442749,8,0
23.556761980056763,8,0
23.568620920181274,8,0
23.580776929855347,8,0
23.592602968215942,8,0
23.604741096496582,8,0
23.616607904434204,8,0
23.628763914108276,8,0
23.640591144561768,8,0
23.65281891822815,8,0
23.66468596458435,8,0
23.67676591873169,8,0
23.688647985458374,8,0
23.700783014297485,8,0
23.712599992752075,8,0
23.724827766418457,8,0
23.736674070358276,8,0
23.74875807762146,8,0
23.76067876815796,8,0
23.772758960723877,8,0
23.784658908843994,8,0
23.796764850616455,8,0
23.808678150177002,8,0
23.820777893066406,8,0
23.832664012908936,8,0
23.84476590156555,8,0
23.856656074523926,8,0
23.86878991127014,8,0
23.880922079086304,8,0
23.89285707473755,8,0
23.904726028442383,8,0
23.916926860809326,8,0
23.928646087646484,8,0
23.940807819366455,8,0
23.95265793800354,8,0
23.964848041534424,8,0
23.97663688659668,8,0
23.988759994506836,8,0
24.000629901885986,8,0
24.01277804374695,8,0
24.02460789680481,8,0
24.03681778907776,8,0
24.0486478805542,8,0
24.060773134231567,8,0
24.072643995285034,8,0
24.084829807281494,8,0
24.096625089645386,8,0
24.108772039413452,8,0
24.12082600593567,8,0
24.132763147354126,8,0
24.144609928131104,8,0
24.156877040863037,8,0
24.16873288154602,8,0
24.18078303337097,8,0
24.192634105682373,8,0
24.20479679107666,8,0
24.216595888137817,8,0
24.22876214981079,8,0
24.240615844726562,8,0
24.252761125564575,8,0
24.264670848846436,8,0
24.276761054992676,8,0
24.288672924041748,8,0
24.301041841506958,8,0
24.312684059143066,8,0
24.324755907058716,8,0
24.336663961410522,8,0
24.348761081695557,8,0
24.360668897628784,8,0
24.372774839401245,8,0
24.384660005569458,8,0
24.396751165390015,8,0
24.408657789230347,8,0
24.42079782485962,8,0
24.432597875595093,8,0
24.444782972335815,8,0
24.456641912460327,8,0
24.468998908996582,8,0
24.4805748462677,8,0
24.492762088775635,8,0
24.504631996154785,8,0
24.516767978668213,8,0
24.52862000465393,8,0
24.54079508781433,8,0
24.552674055099487,8,0
24.56476092338562,8,0
24.57663106918335,8,0
24.588762998580933,8,0
24.600646018981934,8,0
24.612767934799194,8,0
24.62460994720459,8,0
24.636790990829468,8,0
24.64863896369934,8,0
24.66077995300293,8,0
24.672722816467285,8,0
24.68497896194458,8,0
24.69657015800476,8,0
24.70879578590393,8,0
24.720591068267822,8,0
24.732754945755005,8,0
24.74462103843689,8,0
24.7567720413208,8,0
24.768699884414673,8,0
24.78078007698059,8,0
24.79273295402527,8,0
24.804773092269897,8,0
24.81667399406433,8,0
24.82877206802368,8,0
24.840699911117554,8,0
24.852795124053955,8,0
24.864675045013428,8,0
24.87677001953125,8,0
24.888664960861206,8,0
24.900765895843506,8,0
24.91272497177124,8,0
24.92477297782898,8,0
24.93695092201233,8,0
24.94877314567566,8,0
24.96067714691162,8,0
24.972850799560547,8,0
24.984632968902588,8,0
24.99676012992859,8,0
25.00864291191101,8,0
25.02077579498291,8,0
25.0328209400177,8,0
25.044779062271118,8,0
25.056639909744263,8,0
25.068845987319946,8,0
25.08064889907837,8,0
25.092772960662842,8,0
25.10465407371521,8,0
25.117095947265625,8,0
25.12862992286682,8,0
25.140870809555054,8,0
25.153080940246582,8,0
25.16478991508484,8,0
25.17670702934265,8,0
25.189049005508423,8,0
25.200623989105225,8,0
25.212791919708252,8,0
25.224621057510376,8,0
25.236849069595337,8,0
25.24858283996582,8,0
25.260785818099976,8,0
25.27272605895996,8,0
25.284775972366333,8,0
25.296688079833984,8,0
25.30897092819214,8,0
25.320839881896973,8,0
25.332751989364624,8,0
25.344702005386353,8,0
25.35676598548889,8,0
25.36924695968628,8,0
25.380780935287476,8,0
25.3926739692688,8,0
25.404831886291504,8,0
25.416689157485962,8,0
25.428788900375366,8,0
25.440705060958862,8,0
25.452765941619873,8,0
25.464900970458984,8,0
25.476810932159424,8,0
25.488824129104614,8,0
25.50079584121704,8,0
25.512664079666138,8,0
25.524752855300903,8,0
25.5368549823761,8,0
25.548765897750854,8,0
25.560669898986816,8,0
25.572848081588745,8,0
25.584656953811646,8,0
25.596760034561157,8,0
25.608667135238647,8,0
25.620800018310547,8,0
25.63263511657715,8,0
25.644848108291626,8,0
25.656625747680664,8,0
25.668768882751465,8,0
25.680859804153442,8,0
25.6930410861969,8,0
25.704627990722656,8,0
25.716772079467773,8,0
25.728645086288452,8,0
25.74093794822693,8,0
25.75267195701599,8,0
25.76476788520813,8,0
25.776628971099854,8,0
25.788806200027466,8,0
25.80071711540222,8,0
25.813101053237915,8,0
25.824689149856567,8,0
25.836766958236694,8,0
25.848678827285767,8,0
25.860783100128174,8,0
25.872663974761963,8,0
25.884762048721313,8,0
25.896706104278564,8,0
25.908843994140625,8,0
25.9207820892334,8,0
25.932769060134888,8,0
25.94466495513916,8,0
25.956793069839478,8,0
25.968732833862305,8,0
25.980849981307983,8,0
25.99292802810669,8,0
26.004762172698975,8,0
26.016881942749023,8,0
26.028759956359863,8,0
26.040674924850464,8,0
26.052775859832764,8,0
26.064637899398804,8,0
26.0767719745636,8,0
26.088644981384277,8,0
26.100836992263794,8,0
26.11262583732605,8,0
26.12476110458374,8,0
26.136624097824097,8,0
26.14876890182495,8,0
26.160647869110107,8,0
26.172832012176514,8,0
26.184746980667114,8,0
26.19676375389099,8,0
26.208638906478882,8,0
26.220782041549683,8,0
26.232635736465454,8,0
26.24485492706299,8,0
26.2566339969635,8,0
26.26884698867798,8,0
26.2806499004364,8,0
26.292721033096313,8,0
26.304710149765015,8,0
26.31676483154297,8,0
26.328729152679443,8,0
26.34091591835022,8,0
26.35269808769226,8,0
26.3647620677948,8,0
26.376689910888672,8,0
26.388774156570435,8,0
26.400696992874146,8,0
26.41283082962036,8,0
26.42467713356018,8,0
26.436772108078003,8,0
26.448688983917236,8,0
26.460771083831787,8,0
26.472923040390015,8,0
26.484848022460938,8,0
26.496667861938477,8,0
26.50883984565735,8,0
26.520680904388428,8,0
26.532793045043945,8,0
26.544666051864624,8,0
26.556787967681885,8,0
26.568668842315674,8,0
26.58086085319519,8,0
26.59266185760498,8,0
26.604766845703125,8,0
26.61663794517517,8,0
26.62926197052002,8,0
26.640650987625122,8,0
26.652843952178955,8,0
26.664646863937378,8,0
26.676864862442017,8,0
26.688730001449585,8,0
26.700779914855957,8,0
26.712642908096313,8,0
26.724781036376953,8,0
26.73681879043579,8,0
26.74886703491211,8,0
26.760639905929565,8,0
26.772763967514038,8,0
26.78463888168335,8,0
26.796775817871094,8,0
26.808721780776978,8,0
26.820859909057617,8,0
26.83270287513733,8,0
26.844775915145874,8,0
26.856684923171997,8,0
26.868767023086548,8,0
26.88071894645691,8,0
26.892832040786743,8,0
26.904695987701416,8,0
26.91701912879944,8,0
26.928722858428955,8,0
26.94101905822754,8,0
26.953050136566162,8,0
26.964740991592407,8,0
26.976693868637085,8,0
26.988845109939575,8,0
27.00069808959961,8,0
27.012780904769897,8,0
27.02469301223755,8,0
27.036781072616577,8,0
27.048676013946533,8,0
27.060853004455566,8,0
27.072932958602905,8,0
27.084793090820312,8,0
27.096662044525146,8,0
27.10907006263733,8,0
27.120682954788208,8,0
27.132832050323486,8,0
27.144644021987915,8,0
27.156856060028076,8,0
27.16884183883667,8,0
27.180774927139282,8,0
27.192748069763184,8,0
27.204813957214355,8,0
27.21664786338806,8,0
27.228801012039185,8,0
27.240640878677368,8,0
27.252804040908813,8,0
27.264652013778687,8,0
27.27677583694458,8,0
27.28865098953247,8,0
27.30081295967102,8,0
27.312649965286255,8,0
27.324790000915527,8,0
27.3367600440979,8,0
27.348814964294434,8,0
27.36072087287903,8,0
27.372794151306152,8,0
27.384700775146484,8,0
27.39678692817688,8,0
27.40871286392212,8,0
27.42083191871643,8,0
27.432651042938232,8,0
27.444805145263672,8,0
27.456695079803467,8,0
27.468785762786865,8,0
27.480690956115723,8,0
27.492787837982178,8,0
27.50471591949463,8,0
27.516831874847412,8,0
27.528706073760986,8,0
27.540839910507202,8,0
27.55273175239563,8,0
27.564798831939697,8,0
27.576716899871826,8,0
27.58888602256775,8,0
27.60068988800049,8,0
27.612809896469116,8,0
27.624668836593628,8,0
27.63679003715515,8,0
27.648661851882935,8,0
27.66079306602478,8,0
27.672665119171143,8,0
27.684788942337036,8,0
27.69674277305603,8,0
27.70877194404602,8,0
27.72067880630493,8,0
27.73279595375061,8,0
27.744647979736328,8,0
27.756776809692383,8,0
27.768665075302124,8,0
27.78080677986145,8,0
27.79267406463623,8,0
27.804795742034912,8,0
27.81666898727417,8,0
27.82880210876465,8,0
27.840735912322998,8,0
27.852805137634277,8,0
27.864717960357666,8,0
27.876787900924683,8,0
27.885826110839844,8,0
27.897711038589478,8,0
27.909698963165283,8,0
27.92170000076294,8,0
27.9339599609375,8,0
27.945698976516724,8,0
27.95772385597229,8,0
27.969691038131714,8,0
27.981637001037598,8,0
27.99364399909973,8,0
28.00570583343506,8,0
28.017688989639282,8,0
28.029717922210693,8,0
28.041698932647705,8,0
28.053702116012573,8,0
28.06594204902649,8,0
28.074753999710083,8,0
28.08665895462036,8,0
28.098700046539307,8,0
28.110680103302002,8,0
28.122619152069092,8,0
28.134700059890747,8,0
28.14667582511902,8,0
28.158687829971313,8,0
28.170700073242188,8,0
28.182673931121826,8,0
28.194705963134766,8,0
28.206666946411133,8,0
28.218605995178223,8,0
28.23069477081299,8,0
28.242645025253296,8,0
28.254667043685913,8,0
28.26374912261963,8,0
28.27582597732544,8,0
28.287667989730835,8,0
28.299670934677124,8,0
28.31166696548462,8,0
28.323652982711792,8,0
28.33567786216736,8,0
28.347671031951904,8,0
28.357990741729736,8,0
28.36930775642395,8,0
28.381304025650024,8,0
28.39021897315979,8,0
28.402365922927856,8,0
28.414509057998657,8,0
28.426331043243408,8,0
28.438310861587524,8,0
28.45029592514038,8,0
28.462235927581787,8,0
28.47477698326111,8,0
28.486606121063232,8,0
28.498337984085083,8,0
28.5102698802948,8,0
28.522264003753662,8,0
28.534264087677002,8,0
28.54646611213684,8,0
28.558271884918213,8,0
28.570262908935547,8,0
28.57897186279297,8,0
28.591267108917236,8,0
28.60333490371704,8,0
28.615323781967163,8,0
28.627326011657715,8,0
28.639513969421387,8,0
28.651341915130615,8,0
28.663338899612427,8,0
28.67557692527771,8,0
28.687323093414307,8,0
28.6993248462677,8,0
28.711551904678345,8,0
28.72331213951111,8,0
28.735313892364502,8,0
28.74753189086914,8,0
28.759319067001343,8,0
28.771289110183716,8,0
28.78362798690796,8,0
28.79530096054077,8,0
28.80734896659851,8,0
28.819581985473633,8,0
28.83183002471924,8,0
28.843313932418823,8,0
28.855311155319214,8,0
28.867369890213013,8,0
28.879362106323242,8,0
28.89137601852417,8,0
28.90339493751526,8,0
28.91537308692932,8,0
28.927451848983765,8,0
28.93935203552246,8,0
28.9513521194458,8,0
28.963348865509033,8,0
28.975353956222534,8,0
28.98734474182129,8,0
28.99929189682007,8,0
29.011356830596924,8,0
29.023298025131226,8,0
29.035320043563843,8,0
29.04734992980957,8,0
29.05954599380493,8,0
29.07144808769226,8,0
29.08345603942871,8,0
29.095333099365234,8,0
29.107338905334473,8,0
29.11958909034729,8,0
29.13126492500305,8,0
29.143280029296875,8,0
29.155455827713013,8,0
29.167327880859375,8,0
29.179266929626465,8,0
29.19132113456726,8,0
29.20332384109497,8,0
29.215259790420532,8,0
29.227324962615967,8,0
29.239326000213623,8,0
29.251322984695435,8,0
29.26357078552246,8,0
29.275599002838135,8,0
29.287304878234863,8,0
29.29932689666748,8,0
29.311302185058594,8,0
29.323319911956787,8,0
29.33548092842102,8,0
29.347588062286377,8,0
29.35963273048401,8,0
29.37133002281189,8,0
29.383314847946167,8,0
29.39531111717224,8,0
29.407542943954468,8,0
29.419381856918335,8,0
29.431370973587036,8,0
29.44332003593445,8,0
29.455374002456665,8,0
29.46736192703247,8,0
29.479546070098877,8,0
29.491325855255127,8,0
29.5033700466156,8,0
29.515323162078857,8,0
29.527655839920044,8,0
29.539386987686157,8,0
29.551575899124146,8,0
29.56330394744873,8,0
29.575719833374023,8,0
29.587646007537842,8,0
29.59929895401001,8,0
29.611232042312622,8,0
29.623332023620605,8,0
29.635326862335205,8,0
29.647260904312134,8,0
29.65926504135132,8,0
29.671347856521606,8,0
29.683337926864624,8,0
29.6953341960907,8,0
29.70726490020752,8,0
29.71934700012207,8,0
29.731585025787354,8,0
29.7433340549469,8,0
29.75527811050415,8,0
29.76732587814331,8,0
29.779584884643555,8,0
29.79132390022278,8,0
29.803308963775635,8,0
29.815546989440918,8,0
29.827330112457275,8,0
29.83946204185486,8,0
29.8513400554657,8,0
29.863329887390137,8,0
29.875548839569092,8,0
29.887324810028076,8,0
29.89931583404541,8,0
29.91137194633484,8,0
29.92338514328003,8,0
29.935399770736694,8,0
29.947386980056763,8,0
29.959370851516724,8,0
29.97145104408264,8,0
29.983381032943726,8,0
29.99536681175232,8,0
30.007308959960938,8,0
30.019376039505005,8,0
30.031624794006348,8,0
30.043474912643433,8,0
30.05532479286194,8,0
30.06735897064209,8,0
30.0794780254364,8,0
30.091458082199097,8,0
30.103384971618652,8,0
30.11535096168518,8,0
30.127367973327637,8,0
30.139339923858643,8,0
30.15129590034485,8,0
30.163270950317383,8,0
30.175339937210083,8,0
30.18732213973999,8,0
30.19960117340088,8,0
30.211344957351685,8,0
30.223220825195312,8,0
30.235352039337158,8,0
30.247336864471436,8,0
30.259268045425415,8,0
30.271278142929077,8,0
30.283329963684082,8,0
30.295608043670654,8,0
30.307452917099,8,0
30.319325923919678,8,0
30.331326007843018,8,0
30.343456029891968,8,0
30.355323791503906,8,0
30.367597103118896,8,0
30.379333972930908,8,0
30.39134192466736,8,0
30.40333104133606,8,0
30.41545009613037,8,0
30.427660942077637,8,0
30.439316987991333,8,0
30.451311111450195,8,0
30.46337103843689,8,0
30.475377082824707,8,0
30.48745107650757,8,0
30.499372005462646,8,0
30.51140594482422,8,0
30.52338194847107,8,0
30.535500049591064,8,0
30.547366857528687,8,0
30.559372901916504,8,0
30.571342945098877,8,0
30.583404064178467,8,0
30.595454931259155,8,0
30.60735511779785,8,0
30.619354009628296,8,0
30.63129687309265,8,0
30.64336085319519,8,0
30.655346870422363,8,0
30.66735577583313,8,0
30.679353952407837,8,0
30.691287994384766,8,0
30.703377962112427,8,0
30.715355157852173,8,0
30.72734308242798,8,0
30.739338874816895,8,0
30.751280069351196,8,0
30.76333785057068,8,0
30.77534580230713,8,0
30.787588119506836,8,0
30.799336910247803,8,0
30.81132483482361,8,0
30.823376178741455,8,0
30.835360050201416,8,0
30.847445011138916,8,0
30.859344005584717,8,0
30.87133002281189,8,0
30.883346796035767,8,0
30.89534091949463,8,0
30.907335996627808,8,0
30.91932702064514,8,0
30.93146586418152,8,0
30.943452835083008,8,0
30.955657958984375,8,0
30.967451810836792,8,0
30.979665756225586,8,0
30.991452932357788,8,0
31.00345492362976,8,0
31.01533007621765,8,0
31.027498960494995,8,0
31.039313793182373,8,0
31.05138087272644,8,0
31.06338405609131,8,0
31.07537603378296,8,0
31.087368965148926,8,0
31.099453926086426,8,0
31.111654043197632,8,0
31.12338876724243,8,0
31.135375022888184,8,0
31.147302865982056,8,0
31.15929913520813,8,0
31.171365976333618,8,0
31.183362007141113,8,0
31.195374965667725,8,0
31.207371950149536,8,0
31.21929097175598,8,0
31.231600999832153,8,0
31.243288040161133,8,0
31.255355834960938,8,0
31.267369985580444,8,0
31.279338836669922,8,0
31.29155397415161,8,0
31.30338191986084,8,0
31.31529188156128,8,0
31.32762384414673,8,0
31.339277029037476,8,0
31.35141897201538,8,0
31.363277912139893,8,0
31.375281810760498,8,0
31.38727593421936,8,0
31.399449110031128,8,0
31.411295890808105,8,0
31.42328691482544,8,0
31.435271978378296,8,0
31.44740390777588,8,0
31.45944905281067,8,0
31.471410989761353,8,0
31.483395099639893,8,0
31.495429039001465,8,0
31.50730276107788,8,0
31.519388914108276,8,0
31.53146481513977,8,0
31.543408155441284,8,0
31.55536985397339,8,0
31.56731390953064,8,0
31.579277992248535,8,0
31.591312170028687,8,0
31.603421926498413,8,0
31.615344047546387,8,0
31.627335786819458,8,0
31.639328002929688,8,0
31.65128803253174,8,0
31.663243055343628,8,0
31.6753408908844,8,0
31.687423944473267,8,0
31.699615955352783,8,0
31.711309909820557,8,0
31.723304986953735,8,0
31.735234022140503,8,0
31.74729585647583,8,0
31.759338855743408,8,0
31.771580934524536,8,0
31.783825874328613,8,0
31.795455932617188,8,0
31.80730104446411,8,0
31.81937599182129,8,0
31.831289052963257,8,0
31.843313932418823,8,0
31.8556489944458,8,0
31.86733889579773,8,0
31.879575967788696,8,0
31.891291856765747,8,0
31.903619050979614,8,0
31.91540813446045,8,0
31.927299976348877,8,0
31.93957495689392,8,0
31.95129704475403,8,0
31.963633060455322,8,0
31.975724935531616,8,0
31.987422943115234,8,0
31.999479055404663,8,0
32.011435985565186,8,0
32.02342915534973,8,0
32.03534483909607,8,0
32.04742503166199,8,0
32.059427976608276,8,0
32.07141995429993,8,0
32.08347010612488,8,0
32.09549903869629,8,0
32.10744380950928,8,0
32.11937189102173,8,0
32.13133478164673,8,0
32.14349317550659,8,0
32.15582299232483,8,0
32.16738510131836,8,0
32.17945194244385,8,0
32.19137406349182,8,0
32.20334315299988,8,0
32.21531891822815,8,0
32.22725296020508,8,0
32.23929190635681,8,0
32.25137996673584,8,0
32.26393699645996,8,0
32.275956869125366,8,0
32.28747200965881,8,0
32.2994658946991,8,0
32.31179094314575,8,0
32.323310136795044,8,0
32.335323095321655,8,0
32.34730100631714,8,0
32.35958194732666,8,0
32.37167000770569,8,0
32.38331484794617,8,0
32.39536786079407,8,0
32.40731596946716,8,0
32.419342041015625,8,0
32.431318044662476,8,0
32.443350076675415,8,0
32.45531487464905,8,0
32.46743392944336,8,0
32.47929382324219,8,0
32.49142813682556,8,0
32.5035719871521,8,0
32.51544380187988,8,0
32.52742075920105,8,0
32.53929901123047,8,0
32.551414012908936,8,0
32.56341910362244,8,0
32.57556390762329,8,0
32.58744287490845,8,0
32.599464893341064,8,0
32.61161804199219,8,0
32.62345004081726,8,0
32.63545489311218,8,0
32.64745497703552,8,0
32.65943384170532,8,0
32.67133402824402,8,0
32.683850049972534,8,0
32.69535303115845,8,0
32.707457065582275,8,0
32.71937394142151,8,0
32.73134899139404,8,0
32.74346590042114,8,0
32.7553448677063,8,0
32.76752495765686,8,0
32.77934789657593,8,0
32.79136085510254,8,0
32.803356885910034,8,0
32.815327882766724,8,0
32.827348947525024,8,0
32.83926606178284,8,0
32.851333141326904,8,0
32.863579750061035,8,0
32.875312089920044,8,0
32.88734579086304,8,0
32.89935088157654,8,0
32.91136884689331,8,0
32.923434019088745,8,0
32.93533802032471,8,0
32.9473557472229,8,0
32.9594349861145,8,0
32.971314907073975,8,0
32.98330116271973,8,0
32.99542284011841,8,0
33.0074417591095,8,0
33.01942300796509,8,0
33.031463861465454,8,0
33.04346489906311,8,0
33.05537676811218,8,0
33.06750798225403,8,0
33.07947111129761,8,0
33.09147000312805,8,0
33.10346007347107,8,0
33.1155059337616,8,0
33.12746787071228,8,0
33.139389991760254,8,0
33.15145397186279,8,0
33.16342902183533,8,0
33.17540097236633,8,0
33.18747591972351,8,0
33.199427127838135,8,0
33.2114679813385,8,0
33.22342300415039,8,0
33.235430002212524,8,0
33.24745583534241,8,0
33.262819051742554,8,0
33.27512001991272,8,0
33.28809595108032,8,0
33.29743313789368,8,0
33.30736207962036,8,0
33.31934404373169,8,0
33.33138990402222,8,0
33.343384981155396,8,0
33.355388879776,8,0
33.36749005317688,8,0
33.37939190864563,8,0
33.3914008140564,8,0
33.40339398384094,8,0
33.4153778553009,8,0
33.42734694480896,8,0
33.439337968826294,8,0
33.451366901397705,8,0
33.463375091552734,8,0
33.47533583641052,8,0
33.487385988235474,8,0
33.499459981918335,8,0
33.51148581504822,8,0
33.52347683906555,8,0
33.53541302680969,8,0
33.54739499092102,8,0
33.55939602851868,8,0
33.57140803337097,8,0
33.58345603942871,8,0
33.59544897079468,8,0
33.60745596885681,8,0
33.61950898170471,8,0
33.63146209716797,8,0
33.643446922302246,8,0
33.65533685684204,8,0
33.667409896850586,8,0
33.67933487892151,8,0
33.69141697883606,8,0
33.703482151031494,8,0
33.71545481681824,8,0
33.727452993392944,8,0
33.739458084106445,8,0
33.75175595283508,8,0
33.76351189613342,8,0
33.77547907829285,8,0
33.7874710559845,8,0
33.79966688156128,8,0
33.8113489151001,8,0
33.823397159576416,8,0
33.83531999588013,8,0
33.84740400314331,8,0
33.859452962875366,8,0
33.87146496772766,8,0
33.88337993621826,8,0
33.895622968673706,8,0
33.90732479095459,8,0
33.91937303543091,8,0
33.93138003349304,8,0
33.9433798789978,8,0
33.95549201965332,8,0
33.967474937438965,8,0
33.97936797142029,8,0
33.99140191078186,8,0
34.00339698791504,8,0
34.01548790931702,8,0
34.027453899383545,8,0
34.03936982154846,8,0
34.0515251159668,8,0
34.06004977226257,8,0
34.07237100601196,8,0
34.08438491821289,8,0
34.096351861953735,8,0
34.10837197303772,8,0
34.12037181854248,8,0
34.132400035858154,8,0
34.144400119781494,8,0
34.15639281272888,8,0
34.168396949768066,8,0
34.18034887313843,8,0
34.192349910736084,8,0
34.20439386367798,8,0
34.216379165649414,8,0
34.22834777832031,8,0
34.24030518531799,8,0
34.248987913131714,8,0
34.26173496246338,8,0
34.273422956466675,8,0
34.286218881607056,8,0
34.297414779663086,8,0
34.310219049453735,8,0
34.321589946746826,8,0
34.33389401435852,8,0
34.345438957214355,8,0
34.36824703216553,8,0
34.37468600273132,8,0
34.38485598564148,8,0
34.39390206336975,8,0
34.40621900558472,8,0
34.41774582862854,8,0
34.43093490600586,8,0
34.4394109249115,8,0
34.45045304298401,8,0
34.462438106536865,8,0
34.47440004348755,8,0
34.48638415336609,8,0
34.498549938201904,8,0
34.506985902786255,8,0
34.519448041915894,8,0
34.53145790100098,8,0
34.54337191581726,8,0
34.55593276023865,8,0
34.56756401062012,8,0
34.578864097595215,8,0
34.58787298202515,8,0
34.60033679008484,8,0
34.61241388320923,8,0
34.62191581726074,8,0
34.63341784477234,8,0
34.645973920822144,8,0
34.65739393234253,8,0
34.669816970825195,8,0
34.681401014328,8,0
34.69330191612244,8,0
34.70526313781738,8,0
34.717299938201904,8,0
34.72925591468811,8,0
34.741403102874756,8,0
34.753350019454956,8,0
34.76537108421326,8,0
34.77752900123596,8,0
34.789315938949585,8,0
34.80127000808716,8,0
34.813316106796265,8,0
34.82524108886719,8,0
34.837472915649414,8,0
34.84950494766235,8,0
34.86126780509949,8,0
34.87404704093933,8,0
34.88525700569153,8,0
34.89794611930847,8,0
34.90943098068237,8,0
34.92152380943298,8,0
34.93342900276184,8,0
34.94587802886963,8,0
34.95732879638672,8,0
34.96955490112305,8,0
34.981306076049805,8,0
34.99323391914368,8,0
35.00565814971924,8,0
35.017462968826294,8,0
35.02930307388306,8,0
35.04128313064575,8,0
35.05345606803894,8,0
35.065282106399536,8,0
35.077306032180786,8,0
35.08928680419922,8,0
35.10131287574768,8,0
35.11327409744263,8,0
35.12588691711426,8,0
35.137284994125366,8,0
35.14930510520935,8,0
35.16128206253052,8,0
35.17330598831177,8,0
35.185319900512695,8,0
35.19731402397156,8,0
35.20929408073425,8,0
35.2212860584259,8,0
35.2334189414978,8,0
35.24532198905945,8,0
35.25735592842102,8,0
35.26940298080444,8,0
35.28125476837158,8,0
35.293819189071655,8,0
35.30525588989258,8,0
35.31730389595032,8,0
35.329243898391724,8,0
35.34130883216858,8,0
35.35327100753784,8,0
35.365411043167114,8,0
35.37724685668945,8,0
35.389328956604004,8,0
35.40125584602356,8,0
35.413604974746704,8,0
35.42524194717407,8,0
35.437561988830566,8,0
35.44923210144043,8,0
35.461376905441284,8,0
35.473235845565796,8,0
35.48531198501587,8,0
35.49723696708679,8,0
35.50953793525696,8,0
35.521239042282104,8,0
35.53338384628296,8,0
35.545302867889404,8,0
35.55732083320618,8,0
35.569297790527344,8,0
35.58130097389221,8,0
35.59329795837402,8,0
35.605374813079834,8,0
35.617286920547485,8,0
35.62936496734619,8,0
35.64129400253296,8,0
35.65331292152405,8,0
35.66526985168457,8,0
35.677308797836304,8,0
35.68955111503601,8,0
35.70162606239319,8,0
35.713274002075195,8,0
35.72530794143677,8,0
35.73726987838745,8,0
35.74933099746704,8,0
35.76134181022644,8,0
35.77337908744812,8,0
35.785463094711304,8,0
35.79730296134949,8,0
35.809247970581055,8,0
35.82130980491638,8,0
35.83324313163757,8,0
35.845398902893066,8,0
35.85724687576294,8,0
35.86951184272766,8,0
35.88125991821289,8,0
35.89331889152527,8,0
35.905251026153564,8,0
35.91731286048889,8,0
35.92935013771057,8,0
35.94138789176941,8,0
35.95323586463928,8,0
35.965309858322144,8,0
35.97740197181702,8,0
35.98956108093262,8,0
36.00127196311951,8,0
36.01362895965576,8,0
36.02524209022522,8,0
36.037383794784546,8,0
36.049314975738525,8,0
36.06158089637756,8,0
36.07331299781799,8,0
36.08531999588013,8,0
36.09729886054993,8,0
36.109479904174805,8,0
36.121307134628296,8,0
36.13332509994507,8,0
36.145302057266235,8,0
36.15731978416443,8,0
36.16933608055115,8,0
36.18135404586792,8,0
36.19326686859131,8,0
36.20532202720642,8,0
36.21732187271118,8,0
36.22938799858093,8,0
36.24128293991089,8,0
36.25330877304077,8,0
36.265366077423096,8,0
36.27733087539673,8,0
36.28946614265442,8,0
36.30126404762268,8,0
36.31327509880066,8,0
36.32532095909119,8,0
36.33726692199707,8,0
36.34931707382202,8,0
36.361263036727905,8,0
36.373334884643555,8,0
36.38528895378113,8,0
36.397347927093506,8,0
36.40925598144531,8,0
36.421329975128174,8,0
36.43325400352478,8,0
36.44530892372131,8,0
36.45727896690369,8,0
36.46933078765869,8,0
36.48124599456787,8,0
36.49351096153259,8,0
36.50525903701782,8,0
36.51782488822937,8,0
36.5292489528656,8,0
36.54130697250366,8,0
36.55347990989685,8,0
36.56546878814697,8,0
36.57759404182434,8,0
36.58932185173035,8,0
36.601787090301514,8,0
36.61333394050598,8,0
36.62529897689819,8,0
36.637325048446655,8,0
36.649308919906616,8,0
36.66130495071411,8,0
36.67328500747681,8,0
36.685303926467896,8,0
36.69728398323059,8,0
36.70929980278015,8,0
36.72130513191223,8,0
36.73331093788147,8,0
36.74531292915344,8,0
36.757314920425415,8,0
36.7693989276886,8,0
36.781309843063354,8,0
36.79326891899109,8,0
36.805606842041016,8,0
36.81726884841919,8,0
36.82932496070862,8,0
36.84126901626587,8,0
36.85326790809631,8,0
36.86546087265015,8,0
36.87735295295715,8,0
36.88925886154175,8,0
36.901325941085815,8,0
36.913267850875854,8,0
36.9253249168396,8,0
36.93724799156189,8,0
36.94931197166443,8,0
36.96124887466431,8,0
36.973336935043335,8,0
36.9852659702301,8,0
36.997326135635376,8,0
37.00927686691284,8,0
37.02155113220215,8,0
37.03319191932678,8,0
37.04526400566101,8,0
37.05726408958435,8,0
37.06933403015137,8,0
37.08151912689209,8,0
37.093639850616455,8,0
37.10546398162842,8,0
37.1173141002655,8,0
37.12931299209595,8,0
37.14156103134155,8,0
37.1533260345459,8,0
37.16539788246155,8,0
37.177284955978394,8,0
37.18930101394653,8,0
37.20130896568298,8,0
37.21332406997681,8,0
37.22528886795044,8,0
37.23733592033386,8,0
37.249293088912964,8,0
37.26139688491821,8,0
37.27339005470276,8,0
37.285332918167114,8,0
37.29728293418884,8,0
37.30932307243347,8,0
37.321271896362305,8,0
37.333406925201416,8,0
37.34530782699585,8,0
37.35736584663391,8,0
37.36931085586548,8,0
37.38128304481506,8,0
37.39329695701599,8,0
37.405328035354614,8,0
37.417287826538086,8,0
37.429404973983765,8,0
37.441356897354126,8,0
37.453311920166016,8,0
37.46537113189697,8,0
37.47735905647278,8,0
37.489272117614746,8,0
37.501386880874634,8,0
37.51325297355652,8,0
37.525527000427246,8,0
37.537266969680786,8,0
37.54932403564453,8,0
37.56148815155029,8,0
37.57358694076538,8,0
37.58527684211731,8,0
37.59760093688965,8,0
37.60949492454529,8,0
37.62157988548279,8,0
37.63334083557129,8,0
37.64533185958862,8,0
37.65730881690979,8,0
37.6694769859314,8,0
37.68130397796631,8,0
37.69331192970276,8,0
37.70530390739441,8,0
37.71746301651001,8,0
37.729321002960205,8,0
37.74130392074585,8,0
37.753320932388306,8,0
37.76549696922302,8,0
37.77739906311035,8,0
37.78933095932007,8,0
37.8014600276947,8,0
37.813302993774414,8,0
37.825297832489014,8,0
37.83743405342102,8,0
37.84927582740784,8,0
37.861369132995605,8,0
37.873289823532104,8,0
37.88534593582153,8,0
37.89727783203125,8,0
37.90934491157532,8,0
37.921306133270264,8,0
37.93362617492676,8,0
37.94519591331482,8,0
37.957348108291626,8,0
37.96930503845215,8,0
37.98156476020813,8,0
37.993261098861694,8,0
38.005374908447266,8,0
38.01738500595093,8,0
38.02956581115723,8,0
38.04125690460205,8,0
38.05331206321716,8,0
38.06524991989136,8,0
38.07733917236328,8,0
38.089264154434204,8,0
38.10140800476074,8,0
38.11333084106445,8,0
38.125515937805176,8,0
38.13727903366089,8,0
38.14934802055359,8,0
38.16132593154907,8,0
38.17346715927124,8,0
38.18527579307556,8,0
38.19733500480652,8,0
38.20935797691345,8,0
38.22133994102478,8,0
38.23328495025635,8,0
38.24536108970642,8,0
38.25723600387573,8,0
38.26942682266235,8,0
38.28139686584473,8,0
38.29332399368286,8,0
38.305315017700195,8,0
38.31735014915466,8,0
38.32932710647583,8,0
38.34142780303955,8,0
38.35331606864929,8,0
38.365278005599976,8,0
38.3773250579834,8,0
38.38934588432312,8,0
38.40131998062134,8,0
38.41336178779602,8,0
38.425281047821045,8,0
38.43746614456177,8,0
38.449275732040405,8,0
38.46132707595825,8,0
38.47329783439636,8,0
38.48535895347595,8,0
38.49729895591736,8,0
38.5094199180603,8,0
38.52128505706787,8,0
38.53359508514404,8,0
38.54529094696045,8,0
38.557350158691406,8,0
38.56925010681152,8,0
38.58133816719055,8,0
38.59324097633362,8,0
38.605401039123535,8,0
38.617263078689575,8,0
38.6295280456543,8,0
38.64135694503784,8,0
38.65356802940369,8,0
38.66533708572388,8,0
38.677469968795776,8,0
38.689350843429565,8,0
38.70133304595947,8,0
38.71333289146423,8,0
38.725350856781006,8,0
38.73733973503113,8,0
38.74947190284729,8,0
38.762046813964844,8,0
38.773366928100586,8,0
38.78541302680969,8,0
38.797353982925415,8,0
38.80964183807373,8,0
38.82141590118408,8,0
38.83331298828125,8,0
38.845340967178345,8,0
38.857280015945435,8,0
38.86935091018677,8,0
38.881287813186646,8,0
38.89333391189575,8,0
38.90531301498413,8,0
38.91746497154236,8,0
38.92929983139038,8,0
38.94132876396179,8,0
38.95330190658569,8,0
38.96533703804016,8,0
38.97729301452637,8,0
38.98946404457092,8,0
39.00128984451294,8,0
39.01331090927124,8,0
39.02529191970825,8,0
39.03747606277466,8,0
39.049286127090454,8,0
39.06134390830994,8,0
39.0732798576355,8,0
39.08532404899597,8,0
39.09728407859802,8,0
39.10933303833008,8,0
39.121301889419556,8,0
39.13346195220947,8,0
39.14538788795471,8,0
39.15740203857422,8,0
39.169341802597046,8,0
39.18161201477051,8,0
39.19334697723389,8,0
39.205323934555054,8,0
39.217334032058716,8,0
39.22937798500061,8,0
39.24132704734802,8,0
39.253345012664795,8,0
39.26527190208435,8,0
39.27730703353882,8,0
39.28946399688721,8,0
39.30134081840515,8,0
39.31334400177002,8,0
39.325474977493286,8,0
39.337830781936646,8,0
39.349366903305054,8,0
39.361310958862305,8,0
39.37335395812988,8,0
39.38533091545105,8,0
39.39734697341919,8,0
39.409313917160034,8,0
39.42150282859802,8,0
39.433314085006714,8,0
39.44559097290039,8,0
39.457578897476196,8,0
39.46934199333191,8,0
39.481250047683716,8,0
39.493353843688965,8,0
39.505255937576294,8,0
39.51746606826782,8,0
39.529293060302734,8,0
39.541589975357056,8,0
39.55330204963684,8,0
39.56533908843994,8,0
39.5772819519043,8,0
39.58934497833252,8,0
39.60128998756409,8,0
39.61339497566223,8,0
39.62527680397034,8,0
39.63746881484985,8,0
39.64936900138855,8,0
39.66159105300903,8,0
39.67360496520996,8,0
39.6856050491333,8,0
39.6973397731781,8,0
39.70934200286865,8,0
39.72133994102478,8,0
39.733484983444214,8,0
39.74535083770752,8,0
39.75744676589966,8,0
39.76932096481323,8,0
39.78133487701416,8,0
39.79348802566528,8,0
39.805318117141724,8,0
39.8173291683197,8,0
39.829379081726074,8,0
39.8413188457489,8,0
39.85346508026123,8,0
39.86531615257263,8,0
39.877593994140625,8,0
39.889305114746094,8,0
39.901334047317505,8,0
39.91356682777405,8,0
39.92546892166138,8,0
39.93735909461975,8,0
39.94935178756714,8,0
39.961313009262085,8,0
39.973341941833496,8,0
39.98531198501587,8,0
39.99734807014465,8,0
40.0092978477478,8,0
40.0213418006897,8,0
40.03329396247864,8,0
40.045588970184326,8,0
40.05741000175476,8,0
40.069337129592896,8,0
40.08130598068237,8,0
40.09339690208435,8,0
40.10528779029846,8,0
40.117342948913574,8,0
40.12933301925659,8,0
40.14146709442139,8,0
40.15322279930115,8,0
40.165480852127075,8,0
40.17735695838928,8,0
40.189584732055664,8,0
40.20138692855835,8,0
40.213526010513306,8,0
40.22529602050781,8,0
40.23392200469971,8,0
40.24630093574524,8,0
40.25822401046753,8,0
40.27032399177551,8,0
40.28234601020813,8,0
40.294466972351074,8,0
40.306329011917114,8,0
40.31826090812683,8,0
40.330276012420654,8,0
40.342605113983154,8,0
40.35426187515259,8,0
40.366477966308594,8,0
40.37838792800903,8,0
40.39024782180786,8,0
40.40233492851257,8,0
40.4143168926239,8,0
40.4229519367218,8,0
40.43532204627991,8,0
40.447324991226196,8,0
40.45948886871338,8,0
40.47131395339966,8,0
40.48331594467163,8,0
40.495311975479126,8,0
40.50731110572815,8,0
40.519312143325806,8,0
40.53129696846008,8,0
40.543291091918945,8,0
40.555306911468506,8,0
40.56731104850769,8,0
40.57939696311951,8,0
40.591299057006836,8,0
40.603508949279785,8,0
40.6121027469635,8,0
40.62455701828003,8,0
40.63655996322632,8,0
40.648573875427246,8,0
40.66036510467529,8,0
40.672290086746216,8,0
40.68448495864868,8,0
40.69636082649231,8,0
40.70834493637085,8,0
40.720365047454834,8,0
40.72907209396362,8,0
40.741596937179565,8,0
40.75336694717407,8,0
40.765469789505005,8,0
40.777350187301636,8,0
40.78957414627075,8,0
40.80148100852966,8,0
40.81334090232849,8,0
40.825350761413574,8,0
40.837465047836304,8,0
40.84934091567993,8,0
40.86134076118469,8,0
40.873329877853394,8,0
40.885337114334106,8,0
40.89757299423218,8,0
40.90935182571411,8,0
40.92133092880249,8,0
40.93505001068115,8,0
40.945358991622925,8,0
40.9573700428009,8,0
40.969346046447754,8,0
40.981353998184204,8,0
40.98996710777283,8,0
41.00231194496155,8,0
41.0110080242157,8,0
41.02348494529724,8,0
41.03576183319092,8,0
41.04760003089905,8,0
41.05945801734924,8,0
41.07146596908569,8,0
41.08346104621887,8,0
41.09547686576843,8,0
41.107470989227295,8,0
41.11947798728943,8,0
41.13146996498108,8,0
41.143550872802734,8,0
41.15546798706055,8,0
41.16773295402527,8,0
41.179627895355225,8,0
41.1914758682251,8,0
41.203660011291504,8,0
41.21552777290344,8,0
41.22748899459839,8,0
41.23946499824524,8,0
41.25151586532593,8,0
41.26356291770935,8,0
41.275532960891724,8,0
41.287473917007446,8,0
41.29951190948486,8,0
41.31150984764099,8,0
41.32352614402771,8,0
41.33550477027893,8,0
41.347519874572754,8,0
41.359513998031616,8,0
41.3714759349823,8,0
41.383514165878296,8,0
41.395946979522705,8,0
41.40748691558838,8,0
41.41947793960571,8,0
41.431604862213135,8,0
41.44374394416809,8,0
41.455668926239014,8,0
41.4675498008728,8,0
41.479498863220215,8,0
41.49147891998291,8,0
41.50349307060242,8,0
41.51548790931702,8,0
41.52748107910156,8,0
41.53947591781616,8,0
41.55171799659729,8,0
41.5637149810791,8,0
41.5754759311676,8,0
41.58747482299805,8,0
41.59948682785034,8,0
41.61146903038025,8,0
41.62347102165222,8,0
41.63546705245972,8,0
41.647473096847534,8,0
41.65950417518616,8,0
41.67146706581116,8,0
41.683650970458984,8,0
41.695467948913574,8,0
41.7077910900116,8,0
41.719542026519775,8,0
41.7320671081543,8,0
41.74354100227356,8,0
41.75552201271057,8,0
41.767534017562866,8,0
41.779531955718994,8,0
41.79151201248169,8,0
41.8035409450531,8,0
41.81574201583862,8,0
41.82751679420471,8,0
41.83953094482422,8,0
41.85151410102844,8,0
41.86352300643921,8,0
41.87553000450134,8,0
41.887526750564575,8,0
41.89948391914368,8,0
41.911471128463745,8,0
41.92353892326355,8,0
41.93560600280762,8,0
41.947526931762695,8,0
41.959518909454346,8,0
41.971510887145996,8,0
41.98349905014038,8,0
41.99547004699707,8,0
42.00750994682312,8,0
42.01950407028198,8,0
42.03148889541626,8,0
42.043514013290405,8,0
42.05549478530884,8,0
42.06747102737427,8,0
42.07947397232056,8,0
42.09148597717285,8,0
42.10348701477051,8,0
42.115484952926636,8,0
42.127482175827026,8,0
42.139487981796265,8,0
42.151500940322876,8,0
42.16349196434021,8,0
42.17548584938049,8,0
42.18765211105347,8,0
42.19949698448181,8,0
42.211498975753784,8,0
42.22351789474487,8,0
42.235554933547974,8,0
42.24754095077515,8,0
42.25954985618591,8,0
42.27154207229614,8,0
42.28352618217468,8,0
42.29559803009033,8,0
42.30747699737549,8,0
42.31954288482666,8,0
42.33153295516968,8,0
42.34348011016846,8,0
42.35553002357483,8,0
42.36755084991455,8,0
42.379530906677246,8,0
42.39153003692627,8,0
42.403542041778564,8,0
42.41552209854126,8,0
42.42754793167114,8,0
42.43969988822937,8,0
42.451515197753906,8,0
42.46353101730347,8,0
42.47551417350769,8,0
42.487513065338135,8,0
42.49946999549866,8,0
42.51173496246338,8,0
42.52358388900757,8,0
42.53551983833313,8,0
42.547505140304565,8,0
42.55948209762573,8,0
42.57147216796875,8,0
42.58348488807678,8,0
42.59575390815735,8,0
42.60743999481201,8,0
42.61943602561951,8,0
42.631874084472656,8,0
42.643511056900024,8,0
42.65550780296326,8,0
42.66748905181885,8,0
42.6794810295105,8,0
42.691632986068726,8,0
42.70375299453735,8,0
42.715487003326416,8,0
42.72764801979065,8,0
42.73974394798279,8,0
42.75150799751282,8,0
42.76356911659241,8,0
42.77553606033325,8,0
42.78755307197571,8,0
42.799540996551514,8,0
42.81155490875244,8,0
42.823686838150024,8,0
42.83600902557373,8,0
42.8475399017334,8,0
42.85972595214844,8,0
42.87160587310791,8,0
42.883544921875,8,0
42.89552688598633,8,0
42.907527923583984,8,0
42.919612884521484,8,0
42.93154001235962,8,0
42.943609952926636,8,0
42.95552611351013,8,0
42.96751403808594,8,0
42.97951698303223,8,0
42.991523027420044,8,0
43.00346803665161,8,0
43.01552677154541,8,0
43.02800989151001,8,0
43.039517879486084,8,0
43.051527976989746,8,0
43.06350803375244,8,0
43.07550311088562,8,0
43.08802390098572,8,0
43.0995090007782,8,0
43.111494064331055,8,0
43.123494148254395,8,0
43.13549208641052,8,0
43.14750409126282,8,0
43.159494161605835,8,0
43.17149496078491,8,0
43.183504819869995,8,0
43.19560694694519,8,0
43.20752310752869,8,0
43.21948480606079,8,0
43.231496810913086,8,0
43.24350309371948,8,0
43.255504846572876,8,0
43.267590045928955,8,0
43.27954411506653,8,0
43.291600942611694,8,0
43.303529024124146,8,0
43.315569162368774,8,0
43.32754397392273,8,0
43.33953785896301,8,0
43.35154700279236,8,0
43.363560914993286,8,0
43.37548303604126,8,0
43.387526750564575,8,0
43.399791955947876,8,0
43.411518812179565,8,0
43.423526763916016,8,0
43.43576383590698,8,0
43.4476101398468,8,0
43.4595251083374,8,0
43.47150492668152,8,0
43.48351502418518,8,0
43.49552607536316,8,0
43.50764584541321,8,0
43.519537925720215,8,0
43.53149104118347,8,0
43.54349684715271,8,0
43.55548906326294,8,0
43.567501068115234,8,0
43.579505920410156,8,0
43.59151101112366,8,0
43.60365104675293,8,0
43.61575698852539,8,0
43.627501010894775,8,0
43.63948202133179,8,0
43.65148997306824,8,0
43.66351580619812,8,0
43.675501108169556,8,0
43.687483072280884,8,0
43.699530839920044,8,0
43.71144700050354,8,0
43.72346210479736,8,0
43.73544383049011,8,0
43.74773097038269,8,0
43.75950789451599,8,0
43.77156400680542,8,0
43.78356695175171,8,0
43.795572996139526,8,0
43.80757188796997,8,0
43.81958079338074,8,0
43.83157992362976,8,0
43.843568086624146,8,0
43.85556888580322,8,0
43.867568016052246,8,0
43.87955713272095,8,0
43.89157700538635,8,0
43.903558015823364,8,0
43.915541887283325,8,0
43.92755603790283,8,0
43.939560890197754,8,0
43.95165491104126,8,0
43.96354794502258,8,0
43.97555088996887,8,0
43.98753786087036,8,0
43.999534130096436,8,0
44.011499881744385,8,0
44.023531913757324,8,0
44.03554105758667,8,0
44.04750990867615,8,0
44.05951189994812,8,0
44.071518898010254,8,0
44.08353614807129,8,0
44.09551787376404,8,0
44.10751414299011,8,0
44.11945700645447,8,0
44.13152313232422,8,0
44.143478870391846,8,0
44.1554958820343,8,0
44.167521953582764,8,0
44.179455041885376,8,0
44.19145178794861,8,0
44.20359396934509,8,0
44.215494871139526,8,0
44.227478981018066,8,0
44.23945903778076,8,0
44.251497983932495,8,0
