timestamp,dlc,motor_torque
0.34398984909057617,8,0
0.3441309928894043,8,0
0.34421610832214355,8,0
0.3442389965057373,8,0
0.3442728519439697,8,0
0.34429407119750977,8,0
0.3443260192871094,8,0
0.34435200691223145,8,0
0.3443729877471924,8,0
0.3444070816040039,8,0
0.34442806243896484,8,0
0.34446001052856445,8,0
0.3444809913635254,8,0
0.3445110321044922,8,0
0.34453701972961426,8,0
0.34456396102905273,8,0
0.3445899486541748,8,0
0.3446199893951416,8,0
0.34464502334594727,8,0
0.3446619510650635,8,0
0.34468984603881836,8,0
0.3468608856201172,8,0
0.3588590621948242,8,0
0.3708920478820801,8,0
0.38285303115844727,8,0
0.39487576484680176,8,0
0.4068641662597656,8,0
0.41886305809020996,8,0
0.43088603019714355,8,0
0.44287991523742676,8,0
0.45484495162963867,8,0
0.4668710231781006,8,0
0.47895193099975586,8,0
0.4908320903778076,8,0
0.502795934677124,8,0
0.5148029327392578,8,0
0.5268089771270752,8,0
0.5388138294219971,8,0
0.5508279800415039,8,0
0.5628688335418701,8,0
0.5749239921569824,8,0
0.5868580341339111,8,0
0.5988631248474121,8,0
0.6110539436340332,8,0
0.622931957244873,8,0
0.6349880695343018,8,0
0.646918773651123,8,0
0.6589140892028809,8,0
0.6709280014038086,8,0
0.6829290390014648,8,0
0.6949670314788818,8,0
0.7069728374481201,8,0
0.7189087867736816,8,0
0.7311711311340332,8,0
0.7429070472717285,8,0
0.7549078464508057,8,0
0.766913890838623,8,0
0.7789099216461182,8,0
0.7909078598022461,8,0
0.8028531074523926,8,0
0.8148930072784424,8,0
0.8268940448760986,8,0
0.8388979434967041,8,0
0.8508899211883545,8,0
0.8628971576690674,8,0
0.8749151229858398,8,0
0.8868861198425293,8,0
0.8989071846008301,8,0
0.9109060764312744,8,0
0.9228968620300293,8,0
0.9348909854888916,8,0
0.9468929767608643,8,0
0.9588840007781982,8,0
0.9708700180053711,8,0
0.9829699993133545,8,0
0.9948968887329102,8,0
1.0068349838256836,8,0
1.018874168395996,8,0
1.0308749675750732,8,0
1.0428390502929688,8,0
1.0548679828643799,8,0
1.0668699741363525,8,0
1.078843116760254,8,0
1.090876817703247,8,0
1.1028690338134766,8,0
1.114879846572876,8,0
1.126927137374878,8,0
1.138942003250122,8,0
1.1509349346160889,8,0
1.1629350185394287,8,0
1.1749470233917236,8,0
1.1869440078735352,8,0
1.1989281177520752,8,0
1.2109079360961914,8,0
1.2228658199310303,8,0
1.2352168560028076,8,0
1.2468578815460205,8,0
1.258843183517456,8,0
1.2709109783172607,8,0
1.2829170227050781,8,0
1.294914960861206,8,0
1.3069097995758057,8,0
1.3189077377319336,8,0
1.3308978080749512,8,0
1.3429019451141357,8,0
1.354902982711792,8,0
1.3668808937072754,8,0
1.3788950443267822,8,0
1.390899896621704,8,0
1.4028949737548828,8,0
1.414888858795166,8,0
1.4269030094146729,8,0
1.4388878345489502,8,0
1.45088791847229,8,0
1.4628889560699463,8,0
1.474890947341919,8,0
1.486975908279419,8,0
1.4988501071929932,8,0
1.5108988285064697,8,0
1.5228910446166992,8,0
1.5349140167236328,8,0
1.5468719005584717,8,0
1.5588688850402832,8,0
1.5708861351013184,8,0
1.5828800201416016,8,0
1.5948679447174072,8,0
1.6068849563598633,8,0
1.6188910007476807,8,0
1.630889892578125,8,0
1.6431670188903809,8,0
1.6549408435821533,8,0
1.6671769618988037,8,0
1.6789591312408447,8,0
1.691169023513794,8,0
1.7029380798339844,8,0
1.715142011642456,8,0
1.7268798351287842,8,0
1.7392120361328125,8,0
1.7509419918060303,8,0
1.76292085647583,8,0
1.774925947189331,8,0
1.7869269847869873,8,0
1.7989590167999268,8,0
1.810910940170288,8,0
1.8229119777679443,8,0
1.8349330425262451,8,0
1.8468608856201172,8,0
1.858936071395874,8,0
1.8709230422973633,8,0
1.8828489780426025,8,0
1.89491605758667,8,0
1.9069230556488037,8,0
1.918900966644287,8,0
1.9309039115905762,8,0
1.9429490566253662,8,0
1.9548969268798828,8,0
1.9668939113616943,8,0
1.9788908958435059,8,0
1.9911909103393555,8,0
2.002990961074829,8,0
2.0148839950561523,8,0
2.0269508361816406,8,0
2.0388879776000977,8,0
2.050896167755127,8,0
2.063149929046631,8,0
2.0748939514160156,8,0
2.0869059562683105,8,0
2.0991170406341553,8,0
2.1109108924865723,8,0
2.1228959560394287,8,0
2.1348989009857178,8,0
2.146883964538574,8,0
2.15893816947937,8,0
2.1710782051086426,8,0
2.182945966720581,8,0
2.194952964782715,8,0
2.2069458961486816,8,0
2.219167947769165,8,0
2.230940818786621,8,0
2.243173122406006,8,0
2.2549281120300293,8,0
2.2669360637664795,8,0
2.2789418697357178,8,0
2.290933847427368,8,0
2.3029329776763916,8,0
2.314931869506836,8,0
2.326920986175537,8,0
2.3389229774475098,8,0
2.350956916809082,8,0
2.362912893295288,8,0
2.37493896484375,8,0
2.386937141418457,8,0
2.3991808891296387,8,0
2.410921812057495,8,0
2.4229061603546143,8,0
2.4349560737609863,8,0
2.446920871734619,8,0
2.4590530395507812,8,0
2.470906972885132,8,0
2.4829180240631104,8,0
2.494997024536133,8,0
2.5069189071655273,8,0
2.5189030170440674,8,0
2.530946969985962,8,0
2.542894124984741,8,0
2.554898977279663,8,0
2.5668888092041016,8,0
2.5788941383361816,8,0
2.5908920764923096,8,0
2.6028940677642822,8,0
2.61489200592041,8,0
2.6268978118896484,8,0
2.638901948928833,8,0
2.650907039642334,8,0
2.6629691123962402,8,0
2.675352096557617,8,0
2.6869618892669678,8,0
2.699208974838257,8,0
2.7109639644622803,8,0
2.7231719493865967,8,0
2.7349460124969482,8,0
2.7471821308135986,8,0
2.7589409351348877,8,0
2.7709438800811768,8,0
2.7829439640045166,8,0
2.7949299812316895,8,0
2.8069398403167725,8,0
2.8189308643341064,8,0
2.8309288024902344,8,0
2.8429250717163086,8,0
2.854952812194824,8,0
2.867036819458008,8,0
2.8789219856262207,8,0
2.890976905822754,8,0
2.9029159545898438,8,0
2.9149138927459717,8,0
2.9269139766693115,8,0
2.9389290809631348,8,0
2.9509189128875732,8,0
2.96291184425354,8,0
2.974918842315674,8,0
2.98691987991333,8,0
2.99898099899292,8,0
3.0110058784484863,8,0
3.022905111312866,8,0
3.0349199771881104,8,0
3.0471620559692383,8,0
3.0589070320129395,8,0
3.0709187984466553,8,0
3.0829079151153564,8,0
3.0949039459228516,8,0
3.106898784637451,8,0
3.1188971996307373,8,0
3.1308999061584473,8,0
3.14290189743042,8,0
3.1548988819122314,8,0
3.1669199466705322,8,0
3.1793079376220703,8,0
3.1878159046173096,8,0
3.1999900341033936,8,0
3.2119081020355225,8,0
3.2239270210266113,8,0
3.235949993133545,8,0
3.2479519844055176,8,0
3.2599599361419678,8,0
3.271953821182251,8,0
3.2839410305023193,8,0
3.29596209526062,8,0
3.3079538345336914,8,0
3.319939136505127,8,0
3.3319318294525146,8,0
3.3439319133758545,8,0
3.355937957763672,8,0
3.3679399490356445,8,0
3.3767900466918945,8,0
3.388925790786743,8,0
3.400928020477295,8,0
3.4129080772399902,8,0
3.424935817718506,8,0
3.436884880065918,8,0
3.4489128589630127,8,0
3.4609169960021973,8,0
3.472929000854492,8,0
3.4849190711975098,8,0
3.496914863586426,8,0
3.5089259147644043,8,0
3.5209078788757324,8,0
3.532918930053711,8,0
3.5449020862579346,8,0
3.556942939758301,8,0
3.5657520294189453,8,0
3.577929973602295,8,0
3.5899157524108887,8,0
3.6019020080566406,8,0
3.613900899887085,8,0
3.6259031295776367,8,0
3.637902021408081,8,0
3.6499030590057373,8,0
3.661897897720337,8,0
3.673894166946411,8,0
3.6859400272369385,8,0
3.6979141235351562,8,0
3.7100510597229004,8,0
3.7219109535217285,8,0
3.7338860034942627,8,0
3.74595308303833,8,0
3.754962921142578,8,0
3.7669570446014404,8,0
3.7791850566864014,8,0
3.787881851196289,8,0
3.8001341819763184,8,0
3.8122458457946777,8,0
3.8240509033203125,8,0
3.8360519409179688,8,0
3.848111152648926,8,0
3.8601059913635254,8,0
3.8721508979797363,8,0
3.8839399814605713,8,0
3.8928849697113037,8,0
3.9051289558410645,8,0
3.917106866836548,8,0
3.9290969371795654,8,0
3.9412178993225098,8,0
3.953094959259033,8,0
3.9650931358337402,8,0
3.9771111011505127,8,0
3.989090919494629,8,0
4.001088857650757,8,0
4.013077020645142,8,0
4.025086879730225,8,0
4.037090063095093,8,0
4.049117803573608,8,0
4.061071157455444,8,0
4.072917938232422,8,0
4.084928035736084,8,0
4.096922159194946,8,0
4.1058669090271,8,0
4.117661952972412,8,0
4.126893997192383,8,0
4.138843774795532,8,0
4.150861024856567,8,0
4.162854194641113,8,0
4.174885034561157,8,0
4.188663005828857,8,0
4.199229955673218,8,0
4.210920810699463,8,0
4.222941875457764,8,0
4.234907865524292,8,0
4.24688982963562,8,0
4.259451866149902,8,0
4.271314859390259,8,0
4.2828967571258545,8,0
4.2948877811431885,8,0
4.306896924972534,8,0
4.318833827972412,8,0
4.330893039703369,8,0
4.342884063720703,8,0
4.354903936386108,8,0
4.366891860961914,8,0
4.378871917724609,8,0
4.3908751010894775,8,0
4.402882099151611,8,0
4.414885997772217,8,0
4.426872968673706,8,0
4.438884973526001,8,0
4.45087194442749,8,0
4.462886810302734,8,0
4.474859952926636,8,0
4.486863136291504,8,0
4.498921871185303,8,0
4.51094388961792,8,0
4.522855997085571,8,0
4.534855842590332,8,0
4.5468590259552,8,0
4.5588438510894775,8,0
4.570886850357056,8,0
4.58284592628479,8,0
4.594840049743652,8,0
4.606893062591553,8,0
4.618849992752075,8,0
4.6308557987213135,8,0
4.6428399085998535,8,0
4.654843807220459,8,0
4.666843891143799,8,0
4.678844928741455,8,0
4.690860986709595,8,0
4.70283579826355,8,0
4.71484899520874,8,0
4.726899862289429,8,0
4.7389140129089355,8,0
4.750905990600586,8,0
4.763440132141113,8,0
4.774937152862549,8,0
4.786932945251465,8,0
4.798889875411987,8,0
4.810904026031494,8,0
4.822918176651001,8,0
4.834898948669434,8,0
4.846971035003662,8,0
4.858896017074585,8,0
4.870897054672241,8,0
4.882887840270996,8,0
4.895013093948364,8,0
4.906893014907837,8,0
4.9188971519470215,8,0
4.930876970291138,8,0
4.943104982376099,8,0
4.954876899719238,8,0
4.967020034790039,8,0
4.978896856307983,8,0
4.99086594581604,8,0
5.0028300285339355,8,0
5.014981031417847,8,0
5.02695894241333,8,0
5.038853168487549,8,0
5.0508949756622314,8,0
5.06287407875061,8,0
5.074843883514404,8,0
5.086811780929565,8,0
5.098897933959961,8,0
5.110895156860352,8,0
5.122881889343262,8,0
5.134854793548584,8,0
5.146878004074097,8,0
5.158843755722046,8,0
5.170854091644287,8,0
5.182855844497681,8,0
5.194853067398071,8,0
5.206860065460205,8,0
5.218852996826172,8,0
5.230877876281738,8,0
5.242917060852051,8,0
5.254918098449707,8,0
5.266993045806885,8,0
5.278923034667969,8,0
5.290930986404419,8,0
5.302881956100464,8,0
5.314900875091553,8,0
5.326933860778809,8,0
5.338865041732788,8,0
5.35091495513916,8,0
5.362921953201294,8,0
5.374901056289673,8,0
5.386900901794434,8,0
5.398928165435791,8,0
5.4108898639678955,8,0
5.422878980636597,8,0
5.434895038604736,8,0
5.446882009506226,8,0
5.45888090133667,8,0
5.470897912979126,8,0
5.482892036437988,8,0
5.494875907897949,8,0
5.50713586807251,8,0
5.518980026245117,8,0
5.530879974365234,8,0
5.542863130569458,8,0
5.554803848266602,8,0
5.5668840408325195,8,0
5.578804016113281,8,0
5.591063022613525,8,0
5.602854013442993,8,0
5.6148669719696045,8,0
5.626862049102783,8,0
5.638859987258911,8,0
5.650857925415039,8,0
5.662853002548218,8,0
5.675588130950928,8,0
5.687150955200195,8,0
5.698852062225342,8,0
5.710860967636108,8,0
5.722813844680786,8,0
5.7348620891571045,8,0
5.746886968612671,8,0
5.758872985839844,8,0
5.771013975143433,8,1
5.782939195632935,8,6
5.794907808303833,8,9
5.806900978088379,8,13
5.818899869918823,8,17
5.830843925476074,8,20
5.842909812927246,8,24
5.854909896850586,8,24
5.866910934448242,8,28
5.878895998001099,8,29
5.890843868255615,8,29
5.90336799621582,8,29
5.91483998298645,8,30
5.9267871379852295,8,30
5.9388909339904785,8,31
5.950892925262451,8,33
5.962913990020752,8,30
5.974925994873047,8,31
5.988381862640381,8,31
5.999636888504028,8,31
6.010817050933838,8,32
6.023905992507935,8,34
6.034801959991455,8,37
6.046953916549683,8,39
6.059018850326538,8,41
6.070842981338501,8,45
6.0829479694366455,8,48
6.0947959423065186,8,50
6.106802940368652,8,54
6.1187639236450195,8,59
6.130800008773804,8,62
6.142791986465454,8,65
6.154876947402954,8,69
6.1668360233306885,8,73
6.17884373664856,8,76
6.190866947174072,8,78
6.202892065048218,8,80
6.214846849441528,8,84
6.22684907913208,8,83
6.238872051239014,8,85
6.250864028930664,8,85
6.262850999832153,8,86
6.275706052780151,8,86
6.28692102432251,8,85
6.299649953842163,8,86
6.310856819152832,8,86
6.322835922241211,8,85
6.334853172302246,8,84
6.346924066543579,8,86
6.358825922012329,8,86
6.370903968811035,8,86
6.382849931716919,8,84
6.394912004470825,8,84
6.4068169593811035,8,85
6.418876886367798,8,83
6.43085789680481,8,83
6.442788124084473,8,85
6.454864740371704,8,85
6.4668989181518555,8,86
6.478826999664307,8,88
6.490864992141724,8,88
6.502767086029053,8,90
6.5148327350616455,8,89
6.52701210975647,8,90
6.538887977600098,8,91
6.550893068313599,8,91
6.562878847122192,8,91
6.574879884719849,8,91
6.587772846221924,8,91
6.598877906799316,8,92
6.610903978347778,8,92
6.622874021530151,8,92
6.635201930999756,8,90
6.646867990493774,8,90
6.6614179611206055,8,92
6.67083215713501,8,90
6.682861089706421,8,90
6.694856882095337,8,90
6.706808090209961,8,90
6.718863010406494,8,90
6.730860948562622,8,89
6.743638038635254,8,90
6.754862070083618,8,90
6.766870975494385,8,90
6.779943943023682,8,89
6.79093599319458,8,89
6.802912950515747,8,89
6.81487512588501,8,88
6.8278398513793945,8,90
6.838918209075928,8,88
6.851416110992432,8,90
6.862925052642822,8,89
6.874940872192383,8,90
6.886958122253418,8,88
6.898867845535278,8,88
6.910913944244385,8,90
6.922904968261719,8,88
6.934908866882324,8,89
6.946908950805664,8,91
6.958901882171631,8,90
6.970922946929932,8,90
6.9829020500183105,8,90
6.994900941848755,8,89
7.006854772567749,8,90
7.019563913345337,8,89
7.030984878540039,8,89
7.042880058288574,8,91
7.054890871047974,8,91
7.067755937576294,8,89
7.078922986984253,8,89
7.090837001800537,8,90
7.103092908859253,8,89
7.116065979003906,8,89
7.126888990402222,8,88
7.138929128646851,8,89
7.150835990905762,8,88
7.162868022918701,8,87
7.174877882003784,8,86
7.187420845031738,8,84
7.198875904083252,8,84
7.211613893508911,8,84
7.222854852676392,8,86
7.234867811203003,8,85
7.246867895126343,8,86
7.258865118026733,8,86
7.270859956741333,8,86
7.283782958984375,8,86
7.294942855834961,8,86
7.306950807571411,8,88
7.319339036941528,8,86
7.330944061279297,8,85
7.342936038970947,8,86
7.354931831359863,8,86
7.366919994354248,8,86
7.378922939300537,8,85
7.391422986984253,8,84
7.40296196937561,8,83
7.414891004562378,8,83
7.426934003829956,8,83
7.439089059829712,8,83
7.451117038726807,8,81
7.462924003601074,8,82
7.474931955337524,8,82
7.4868950843811035,8,81
7.4988930225372314,8,81
7.510877847671509,8,80
7.522930860519409,8,79
7.535007953643799,8,78
7.5468950271606445,8,75
7.558903932571411,8,75
7.570913076400757,8,73
7.582901954650879,8,72
7.595082998275757,8,72
7.606886148452759,8,69
7.618888854980469,8,67
7.630888938903809,8,67
7.6428821086883545,8,65
7.654880046844482,8,65
7.667074918746948,8,63
7.678879022598267,8,64
7.690922021865845,8,65
7.702858924865723,8,63
7.714828968048096,8,62
7.72682785987854,8,62
7.738907098770142,8,62
7.750901937484741,8,60
7.762877941131592,8,60
7.7748777866363525,8,60
7.78744101524353,8,59
7.799068927764893,8,58
7.81176495552063,8,59
7.822932004928589,8,58
7.8349339962005615,8,57
7.846961975097656,8,57
7.8589348793029785,8,58
7.8709330558776855,8,58
7.8829450607299805,8,57
7.894957065582275,8,59
7.9072160720825195,8,58
7.918889999389648,8,59
7.930950164794922,8,59
7.942920923233032,8,59
7.955169916152954,8,59
7.966871976852417,8,59
7.978940963745117,8,57
7.99094295501709,8,58
8.00287413597107,8,59
8.014919996261597,8,59
8.027086019515991,8,60
8.039025783538818,8,59
8.050917148590088,8,59
8.062896013259888,8,57
8.074942827224731,8,56
8.086912870407104,8,57
8.098867893218994,8,55
8.110858917236328,8,55
8.122915983200073,8,53
8.134899854660034,8,52
8.146896839141846,8,52
8.158831119537354,8,50
8.170829057693481,8,49
8.182882070541382,8,47
8.19488787651062,8,46
8.20686411857605,8,44
8.218865871429443,8,44
8.230833053588867,8,44
8.242874145507812,8,41
8.254873991012573,8,41
8.266840934753418,8,41
8.27884578704834,8,39
8.291451930999756,8,39
8.30312180519104,8,37
8.314875841140747,8,37
8.326946020126343,8,35
8.338946104049683,8,34
8.350885152816772,8,32
8.363200902938843,8,31
8.374933004379272,8,29
8.386937141418457,8,26
8.398937940597534,8,25
8.410929203033447,8,25
8.422935009002686,8,25
8.434952974319458,8,25
8.446924924850464,8,23
8.458925008773804,8,24
8.470921993255615,8,25
8.482927083969116,8,24
8.49492883682251,8,24
8.506889820098877,8,25
8.51887583732605,8,24
8.53088092803955,8,24
8.54300308227539,8,25
8.554903984069824,8,25
8.566915035247803,8,26
8.57890510559082,8,26
8.59095287322998,8,25
8.602843761444092,8,26
8.614919900894165,8,26
8.6268949508667,8,27
8.638894081115723,8,27
8.650913953781128,8,26
8.66289496421814,8,25
8.674896955490112,8,24
8.686938047409058,8,26
8.69889783859253,8,26
8.710899829864502,8,26
8.72288990020752,8,26
8.73492980003357,8,27
8.746875762939453,8,25
8.758879899978638,8,25
8.770886182785034,8,26
8.782891988754272,8,25
8.795861005783081,8,24
8.806901931762695,8,25
8.81889796257019,8,26
8.830963850021362,8,24
8.842947006225586,8,25
8.854893922805786,8,23
8.866946935653687,8,24
8.878935098648071,8,24
8.892267942428589,8,24
8.902939796447754,8,25
8.914947032928467,8,25
8.926985025405884,8,25
8.938952922821045,8,26
8.950961112976074,8,27
8.962914943695068,8,26
8.974935054779053,8,26
8.986931800842285,8,26
8.998952865600586,8,25
9.010876893997192,8,26
9.022926092147827,8,27
9.03493595123291,8,27
9.04702091217041,8,26
9.058919906616211,8,26
9.070938110351562,8,27
9.082912921905518,8,26
9.094933032989502,8,25
9.106953859329224,8,25
9.11917781829834,8,25
9.130874156951904,8,25
9.14291000366211,8,25
9.154913902282715,8,25
9.166928768157959,8,25
9.17890191078186,8,26
9.19092082977295,8,26
9.202939748764038,8,24
9.214898824691772,8,25
9.2268967628479,8,25
9.238894939422607,8,24
9.25092601776123,8,24
9.262895107269287,8,25
9.274921894073486,8,26
9.286898851394653,8,25
9.299462080001831,8,25
9.31089186668396,8,24
9.322916030883789,8,26
9.334898948669434,8,26
9.347002029418945,8,26
9.35895586013794,8,26
9.370959997177124,8,25
9.383190870285034,8,26
9.395198822021484,8,26
9.407212018966675,8,26
9.419195175170898,8,26
9.43113112449646,8,27
9.443185806274414,8,26
9.455327033996582,8,25
9.467216730117798,8,25
9.479174137115479,8,24
9.488021850585938,8,25
9.500107049942017,8,25
9.512104988098145,8,24
9.524101972579956,8,25
9.536104917526245,8,26
9.548107862472534,8,24
9.560107946395874,8,24
9.572118997573853,8,24
9.58409595489502,8,25
9.596077919006348,8,27
9.608237028121948,8,29
9.620086908340454,8,30
9.63210391998291,8,31
9.644091844558716,8,31
9.6560959815979,8,31
9.668094873428345,8,33
9.676968812942505,8,34
9.689152002334595,8,33
9.701614141464233,8,35
9.713151931762695,8,35
9.725146055221558,8,36
9.737147808074951,8,36
9.749145030975342,8,36
9.761145114898682,8,35
9.773157119750977,8,35
9.785123109817505,8,33
9.797157049179077,8,35
9.809154033660889,8,36
9.821187019348145,8,36
9.833209037780762,8,34
9.845204830169678,8,34
9.857219934463501,8,34
9.869395971298218,8,35
9.881254196166992,8,36
9.893205881118774,8,36
9.905219078063965,8,39
9.917210102081299,8,39
9.92928695678711,8,37
9.94123101234436,8,38
9.953217029571533,8,39
9.965124130249023,8,40
9.977625131607056,8,39
9.98912501335144,8,39
10.00119400024414,8,41
10.013213872909546,8,39
10.025573015213013,8,39
10.037204027175903,8,40
10.04917287826538,8,41
10.061137914657593,8,39
10.069955110549927,8,41
10.081891059875488,8,39
10.094084024429321,8,40
10.106091022491455,8,39
10.118200063705444,8,39
10.130097150802612,8,39
10.138954877853394,8,38
10.151113986968994,8,39
10.163216829299927,8,39
10.175187826156616,8,40
10.187195062637329,8,38
10.199136972427368,8,39
10.211210012435913,8,39
10.223134994506836,8,39
10.23514199256897,8,38
10.247045993804932,8,38
10.259177923202515,8,40
10.270991086959839,8,38
10.28322982788086,8,40
10.295264959335327,8,40
10.307232856750488,8,40
10.318985939025879,8,41
10.330984830856323,8,40
10.342987060546875,8,39
10.354969024658203,8,40
10.367001056671143,8,39
10.379206895828247,8,40
10.391159057617188,8,41
10.403223991394043,8,39
10.415031909942627,8,39
10.427249193191528,8,40
10.439053058624268,8,40
10.451243877410889,8,38
10.463032007217407,8,41
10.475244045257568,8,37
10.487052917480469,8,39
10.499218940734863,8,38
10.51117491722107,8,39
10.523216009140015,8,39
10.535071849822998,8,39
10.54722785949707,8,40
10.559110164642334,8,40
10.571250915527344,8,40
10.58300495147705,8,41
10.59522294998169,8,42
10.607008934020996,8,42
10.619218826293945,8,42
10.63101315498352,8,43
10.643227100372314,8,43
10.654993772506714,8,43
10.667211055755615,8,44
10.67899203300476,8,44
10.69123888015747,8,45
10.70299482345581,8,44
10.7154381275177,8,44
10.726996898651123,8,45
10.73925495147705,8,44
10.751012086868286,8,46
10.763209819793701,8,46
10.775046825408936,8,44
10.786983966827393,8,45
10.799011945724487,8,44
10.811182022094727,8,44
10.8229238986969,8,45
10.835237979888916,8,46
10.847046852111816,8,45
10.8592209815979,8,46
10.871081829071045,8,46
10.883249044418335,8,45
10.895073890686035,8,45
10.90723705291748,8,46
10.919044017791748,8,46
10.931055068969727,8,46
10.943049907684326,8,48
10.955223083496094,8,48
10.967045068740845,8,48
10.979227781295776,8,48
10.991425037384033,8,49
11.003254890441895,8,49
11.015082836151123,8,49
11.027231931686401,8,51
11.03903579711914,8,51
11.05121898651123,8,50
11.063113927841187,8,51
11.075423955917358,8,51
11.087080955505371,8,51
11.099219799041748,8,51
11.111021041870117,8,51
11.123219966888428,8,52
11.135051012039185,8,51
11.14723801612854,8,51
11.159020900726318,8,51
11.171252965927124,8,52
11.183037996292114,8,52
11.195217847824097,8,50
11.20700478553772,8,52
11.21922779083252,8,51
11.231026887893677,8,52
11.243230819702148,8,51
11.255000114440918,8,52
11.267015933990479,8,52
11.278993844985962,8,51
11.290990114212036,8,53
11.302994966506958,8,53
11.315226078033447,8,53
11.32699704170227,8,53
11.339264869689941,8,53
11.350996971130371,8,53
11.36324405670166,8,54
11.37500786781311,8,53
11.38725996017456,8,52
11.400148868560791,8,53
11.411055088043213,8,55
11.42305302619934,8,52
11.435235977172852,8,53
11.447055101394653,8,53
11.459224939346313,8,53
11.471068859100342,8,52
11.483473777770996,8,52
11.495078802108765,8,51
11.507050037384033,8,53
11.519065141677856,8,52
11.531219005584717,8,52
11.54303503036499,8,53
11.555216073989868,8,53
11.567116022109985,8,51
11.57929277420044,8,53
11.591028928756714,8,51
11.603230953216553,8,51
11.615057945251465,8,53
11.627233982086182,8,52
11.639032125473022,8,52
11.651023149490356,8,51
11.663017988204956,8,53
11.675222873687744,8,52
11.687025785446167,8,53
11.699243068695068,8,53
11.711467027664185,8,53
11.72301697731018,8,53
11.735028982162476,8,52
11.74700379371643,8,53
11.759003162384033,8,54
11.771224021911621,8,53
11.783007860183716,8,54
11.795223951339722,8,53
11.807519912719727,8,51
11.819301128387451,8,53
11.830991983413696,8,53
11.843224048614502,8,51
11.855031967163086,8,51
11.867228984832764,8,52
11.879002094268799,8,52
11.891225099563599,8,52
11.903002977371216,8,52
11.915301084518433,8,52
11.927068948745728,8,52
11.939234972000122,8,52
11.951056957244873,8,52
11.96322774887085,8,52
11.975053071975708,8,54
11.98713994026184,8,52
11.999094009399414,8,53
12.011200904846191,8,53
12.023025751113892,8,52
12.03507399559021,8,53
12.047050952911377,8,51
12.05921983718872,8,54
12.071139097213745,8,52
12.083270072937012,8,54
12.095035076141357,8,54
12.107095003128052,8,55
12.119038820266724,8,55
12.131229877471924,8,56
12.14302396774292,8,55
12.155241966247559,8,55
12.167107105255127,8,55
12.178988933563232,8,55
12.191040992736816,8,54
12.20323395729065,8,55
12.215056896209717,8,55
12.227261781692505,8,55
12.239015817642212,8,55
12.250995874404907,8,54
12.263034105300903,8,55
12.275014162063599,8,56
12.28701901435852,8,55
12.299249172210693,8,57
12.311264038085938,8,57
12.323222875595093,8,57
12.335039854049683,8,58
12.34700894355774,8,57
12.358999013900757,8,58
12.37145185470581,8,58
12.383021116256714,8,57
12.39523196220398,8,58
12.40703296661377,8,58
12.419256925582886,8,58
12.431121826171875,8,59
12.443300008773804,8,59
12.455060005187988,8,58
12.46742296218872,8,57
12.479063987731934,8,57
12.493903160095215,8,57
12.503114938735962,8,58
12.515227794647217,8,56
12.527086019515991,8,56
12.539277076721191,8,57
12.551054000854492,8,57
12.56306791305542,8,57
12.575138092041016,8,57
12.587276935577393,8,58
12.599054098129272,8,57
12.61124300956726,8,56
12.623141050338745,8,57
12.635257005691528,8,56
12.647042036056519,8,59
12.659251928329468,8,58
12.671044111251831,8,59
12.683053016662598,8,58
12.695033073425293,8,58
12.70724081993103,8,58
12.719032049179077,8,58
12.731234073638916,8,56
12.743221998214722,8,57
12.755230903625488,8,59
12.767022132873535,8,58
12.779222965240479,8,59
12.79106092453003,8,58
12.80321192741394,8,58
12.815025091171265,8,56
12.827240943908691,8,56
12.839040040969849,8,57
12.851026773452759,8,56
12.863033056259155,8,56
12.875066041946411,8,56
12.887286901473999,8,57
12.899248123168945,8,58
12.911003112792969,8,57
12.92323088645935,8,58
12.935033082962036,8,57
12.947266101837158,8,56
12.959067106246948,8,57
12.971304893493652,8,55
12.983073949813843,8,58
12.995262861251831,8,58
13.007045030593872,8,57
13.019258975982666,8,58
13.031061887741089,8,58
13.043222904205322,8,57
13.055060863494873,8,57
13.067259073257446,8,59
13.079206943511963,8,59
13.09123706817627,8,58
13.103055000305176,8,59
13.115267038345337,8,58
13.127150058746338,8,58
13.138959169387817,8,57
13.151007890701294,8,57
13.163198947906494,8,57
13.174992084503174,8,56
13.187237024307251,8,56
13.199059009552002,8,57
13.211236000061035,8,56
13.223060846328735,8,57
13.235202074050903,8,57
13.246999025344849,8,57
13.259055137634277,8,57
13.27103304862976,8,57
13.283253908157349,8,56
13.295442819595337,8,57
13.307268142700195,8,57
13.319036960601807,8,59
13.331226110458374,8,58
13.343013048171997,8,57
13.355232000350952,8,58
13.367275953292847,8,58
13.37924599647522,8,58
13.391028881072998,8,57
13.403216123580933,8,57
13.41502594947815,8,57
13.427249908447266,8,57
13.439028978347778,8,58
13.451227903366089,8,58
13.463080883026123,8,59
13.47524094581604,8,58
13.48706603050232,8,57
13.499269008636475,8,57
13.51102900505066,8,57
13.523269176483154,8,56
13.535128116607666,8,56
13.547245979309082,8,55
13.559067010879517,8,57
13.571254014968872,8,57
13.583163738250732,8,55
13.595242023468018,8,57
13.607056140899658,8,57
13.619574069976807,8,55
13.631199836730957,8,55
13.643247127532959,8,57
13.655054092407227,8,58
13.667236089706421,8,57
13.679049968719482,8,58
13.691270112991333,8,58
13.703076124191284,8,57
13.715237140655518,8,58
13.727061986923218,8,58
13.739283800125122,8,58
13.751069784164429,8,58
13.763247966766357,8,57
13.775025844573975,8,57
13.787230968475342,8,57
13.799038887023926,8,57
13.811243057250977,8,58
13.823295831680298,8,57
13.835322141647339,8,57
13.847056150436401,8,57
13.859261989593506,8,57
13.871034145355225,8,58
13.8832528591156,8,56
13.895031929016113,8,57
13.907299995422363,8,57
13.919028997421265,8,57
13.931266069412231,8,56
13.943026781082153,8,56
13.955238819122314,8,56
13.967087030410767,8,56
13.97925090789795,8,59
13.991085052490234,8,57
14.003201007843018,8,58
14.015088081359863,8,58
14.027215957641602,8,60
14.039079904556274,8,59
14.05125904083252,8,60
14.063068866729736,8,58
14.075249195098877,8,58
14.087162017822266,8,58
14.099238872528076,8,59
14.111050844192505,8,58
14.123095989227295,8,58
14.135093927383423,8,57
14.147067070007324,8,57
14.159195184707642,8,58
14.171247959136963,8,57
14.183062076568604,8,56
14.195250988006592,8,56
14.20706295967102,8,57
14.21905779838562,8,56
14.231105089187622,8,56
14.24324917793274,8,57
14.255003929138184,8,57
14.267252922058105,8,57
14.27904987335205,8,57
14.291271924972534,8,55
14.303040027618408,8,57
14.31503677368164,8,57
14.327054023742676,8,56
14.339245080947876,8,57
14.351078033447266,8,58
14.363245964050293,8,58
14.375030040740967,8,58
14.387074947357178,8,58
14.39903998374939,8,58
14.411253929138184,8,58
14.423038005828857,8,57
14.435055017471313,8,57
14.447036981582642,8,59
14.459236145019531,8,58
14.471043109893799,8,58
14.48325800895691,8,58
14.49511194229126,8,58
14.507256031036377,8,56
14.519042015075684,8,57
14.531244993209839,8,58
14.543092012405396,8,57
14.555243968963623,8,58
14.567108154296875,8,56
14.579309940338135,8,57
14.591189861297607,8,58
14.603331089019775,8,57
14.615079879760742,8,57
14.62727403640747,8,57
14.639095067977905,8,58
14.65124797821045,8,56
14.663077116012573,8,57
14.675071954727173,8,58
14.687073945999146,8,59
14.69925594329834,8,57
14.71106505393982,8,58
14.723249912261963,8,57
14.735091924667358,8,58
14.747058868408203,8,58
14.75905990600586,8,58
14.77105712890625,8,58
14.783054113388062,8,58
14.795248985290527,8,58
14.807166814804077,8,58
14.819238901138306,8,59
14.831047773361206,8,57
14.843326807022095,8,58
14.855035781860352,8,57
14.867264032363892,8,55
14.879034996032715,8,57
14.891258001327515,8,56
14.903035879135132,8,56
14.915040969848633,8,57
14.927037954330444,8,57
14.939090967178345,8,58
14.951007843017578,8,57
14.963206768035889,8,56
14.97498893737793,8,57
14.987257957458496,8,57
14.999125957489014,8,55
15.011291027069092,8,57
15.023108959197998,8,58
15.035274982452393,8,57
15.047091007232666,8,59
15.059232950210571,8,58
15.072278022766113,8,58
15.083252906799316,8,57
15.095176935195923,8,58
15.107272863388062,8,58
15.11911392211914,8,58
15.131249904632568,8,56
15.143082857131958,8,57
15.155252933502197,8,58
15.16706895828247,8,59
15.179273843765259,8,60
15.191073894500732,8,58
15.2032470703125,8,57
15.215115070343018,8,57
15.227248191833496,8,57
15.239036798477173,8,56
15.251214981079102,8,57
15.263062953948975,8,56
15.275254011154175,8,56
15.287074089050293,8,57
15.299235105514526,8,57
15.311054944992065,8,57
15.324339866638184,8,57
15.335065126419067,8,57
15.347270965576172,8,57
15.359052896499634,8,57
15.371243000030518,8,57
15.383056879043579,8,58
15.395238161087036,8,59
15.407039880752563,8,57
15.419315814971924,8,58
15.431017875671387,8,58
15.443196773529053,8,58
15.455053091049194,8,59
15.467041969299316,8,58
15.479074001312256,8,58
15.491250991821289,8,58
15.50310492515564,8,58
15.515249013900757,8,58
15.527103900909424,8,58
15.536005020141602,8,54
15.54832410812378,8,57
15.560101985931396,8,57
15.572045087814331,8,55
15.584120035171509,8,56
15.596037149429321,8,57
15.608108043670654,8,56
15.620131969451904,8,55
15.63205099105835,8,55
15.64408802986145,8,57
15.65602993965149,8,58
15.668081045150757,8,56
15.68002986907959,8,57
15.692014932632446,8,57
15.704101085662842,8,57
15.716023921966553,8,58
15.725202798843384,8,57
15.737073183059692,8,58
15.749315977096558,8,58
15.761065006256104,8,58
15.773074865341187,8,58
15.78502082824707,8,58
15.797067880630493,8,58
15.809074878692627,8,57
15.821071147918701,8,58
15.833062171936035,8,58
15.845057010650635,8,58
15.857094764709473,8,58
15.869057893753052,8,59
15.88105583190918,8,57
15.89305591583252,8,57
15.905062198638916,8,58
15.913906812667847,8,58
15.92605996131897,8,58
15.938064098358154,8,57
15.950078964233398,8,56
15.962054967880249,8,57
15.974061965942383,8,56
15.986054182052612,8,56
15.99805212020874,8,56
16.010061979293823,8,55
16.02205491065979,8,57
16.03405475616455,8,57
16.046098947525024,8,57
16.05807399749756,8,57
16.070435047149658,8,58
16.082082986831665,8,57
16.094197988510132,8,58
16.102998971939087,8,57
16.11563801765442,8,58
16.127099752426147,8,59
16.139250993728638,8,58
16.15110492706299,8,58
16.163282871246338,8,59
16.17512607574463,8,58
16.187299013137817,8,56
16.1991229057312,8,58
16.211255073547363,8,57
16.22309398651123,8,56
16.235254049301147,8,57
16.24709987640381,8,57
16.259315967559814,8,56
16.271102905273438,8,56
16.28325390815735,8,55
16.291953086853027,8,56
16.30408811569214,8,57
16.316038846969604,8,55
16.325001001358032,8,57
16.33723282814026,8,57
16.349233150482178,8,57
16.36122703552246,8,57
16.37323498725891,8,58
16.38525700569153,8,58
16.397235870361328,8,57
16.409221172332764,8,57
16.421072006225586,8,58
16.430000066757202,8,59
16.441833972930908,8,57
16.4510178565979,8,56
16.46299910545349,8,58
16.474984884262085,8,57
16.486992120742798,8,57
16.500749111175537,8,57
16.511027812957764,8,59
16.5229811668396,8,59
16.53499484062195,8,58
16.5477397441864,8,57
16.55902099609375,8,56
16.5715389251709,8,55
16.58328914642334,8,55
16.594982147216797,8,56
16.60713481903076,8,55
16.619001150131226,8,56
16.63102889060974,8,56
16.643049001693726,8,56
16.655030965805054,8,54
16.66696000099182,8,56
16.679033994674683,8,56
16.69096279144287,8,55
16.703043937683105,8,56
16.715033054351807,8,56
16.727027893066406,8,56
16.73902678489685,8,56
16.751016855239868,8,56
16.763013124465942,8,55
16.77502202987671,8,56
16.78702211380005,8,55
16.799015998840332,8,55
16.81101417541504,8,53
16.822957038879395,8,52
16.835013151168823,8,50
16.8470299243927,8,52
16.859739065170288,8,52
16.870993852615356,8,50
16.882999897003174,8,50
16.894930839538574,8,49
16.907007932662964,8,47
16.919188022613525,8,46
16.930985927581787,8,45
16.943003177642822,8,46
16.954989910125732,8,44
16.966989040374756,8,43
16.9789879322052,8,41
16.99101495742798,8,40
17.002983808517456,8,39
17.015286922454834,8,39
17.026989936828613,8,38
17.03900384902954,8,37
17.051018953323364,8,37
17.062994956970215,8,36
17.075515747070312,8,36
17.087066173553467,8,34
17.099749088287354,8,33
17.1111421585083,8,32
17.124017000198364,8,30
17.13508915901184,8,29
17.14780902862549,8,25
17.159003734588623,8,25
17.170941829681396,8,25
17.182982206344604,8,25
17.195698976516724,8,24
17.206988096237183,8,25
17.21906304359436,8,21
17.2309889793396,8,22
17.242997884750366,8,23
17.254984855651855,8,23
17.266999006271362,8,21
17.27897000312805,8,22
17.291043043136597,8,22
17.30296492576599,8,23
17.31497597694397,8,22
17.32697892189026,8,22
17.33904194831848,8,23
17.351022958755493,8,23
17.363542079925537,8,22
17.37501096725464,8,23
17.386959075927734,8,23
17.399014949798584,8,23
17.41100788116455,8,24
17.42294192314148,8,23
17.435046911239624,8,23
17.447016954421997,8,23
17.45900011062622,8,23
17.471002101898193,8,24
17.48326802253723,8,23
17.495007038116455,8,24
17.5070059299469,8,24
17.519001960754395,8,23
17.530999898910522,8,24
17.54300594329834,8,24
17.55500102043152,8,27
17.56701683998108,8,30
17.579067945480347,8,32
17.59105896949768,8,35
17.60351300239563,8,38
17.615163803100586,8,40
17.627771854400635,8,41
17.639079809188843,8,44
17.651010036468506,8,46
17.663056135177612,8,49
17.675058841705322,8,50
17.687045097351074,8,49
17.69955086708069,8,51
17.71105408668518,8,52
17.72376012802124,8,54
17.73506999015808,8,55
17.746978044509888,8,54
17.759228944778442,8,55
17.77102780342102,8,56
17.782972812652588,8,56
17.795046091079712,8,56
17.807029962539673,8,55
17.81903100013733,8,56
17.831029891967773,8,55
17.84303307533264,8,55
17.85495400428772,8,55
17.867745876312256,8,56
17.87901496887207,8,57
17.890959978103638,8,57
17.90302801132202,8,56
17.915026903152466,8,55
17.926939964294434,8,55
17.939019918441772,8,56
17.950947999954224,8,55
17.96329689025879,8,56
17.975018978118896,8,56
17.986999988555908,8,55
17.999014139175415,8,55
18.011003017425537,8,58
18.023003101348877,8,56
18.035037994384766,8,56
18.047012090682983,8,56
18.058999061584473,8,57
18.07101011276245,8,57
18.083744049072266,8,55
18.095056772232056,8,56
18.107446908950806,8,57
18.119165897369385,8,56
18.13107991218567,8,54
18.143074989318848,8,51
18.155519008636475,8,47
18.16699481010437,8,43
18.178984880447388,8,39
18.191054105758667,8,34
18.20394015312195,8,29
18.21532702445984,8,26
18.227767944335938,8,21
18.23903799057007,8,14
18.251070976257324,8,10
18.263049840927124,8,6
18.27503800392151,8,3
18.287046194076538,8,0
18.299011945724487,8,0
18.31103515625,8,0
18.323033094406128,8,0
18.33505392074585,8,0
18.3469660282135,8,0
18.359030961990356,8,0
18.37178111076355,8,0
18.383033990859985,8,0
18.395031929016113,8,0
18.407027006149292,8,0
18.418991088867188,8,0
18.430964946746826,8,0
18.4429988861084,8,0
18.45502781867981,8,0
18.467017889022827,8,0
18.479012966156006,8,0
18.49102783203125,8,0
18.503034114837646,8,0
18.515014171600342,8,0
18.52704405784607,8,1
18.539010047912598,8,7
18.551022052764893,8,12
18.56304407119751,8,16
18.57501482963562,8,22
18.58701801300049,8,28
18.599071979522705,8,33
18.611758947372437,8,39
18.623154878616333,8,45
18.63579487800598,8,50
18.64700198173523,8,55
18.65905785560608,8,59
18.671016931533813,8,63
18.683001041412354,8,67
18.695064067840576,8,73
18.707761764526367,8,77
18.719067096710205,8,79
18.731060028076172,8,80
18.743000984191895,8,81
18.75551414489746,8,85
18.766939163208008,8,86
18.779175996780396,8,86
18.791077136993408,8,86
18.803072929382324,8,84
18.81525993347168,8,84
18.82706880569458,8,86
18.83902096748352,8,86
18.851027965545654,8,84
18.863043069839478,8,85
18.875725984573364,8,83
18.88720202445984,8,76
18.89903211593628,8,71
18.911069869995117,8,65
18.923038959503174,8,58
18.93505883216858,8,50
18.94703507423401,8,43
18.959025144577026,8,35
18.973492860794067,8,28
18.98302698135376,8,21
18.995048999786377,8,15
19.007318019866943,8,10
19.019060850143433,8,6
19.031036853790283,8,3
19.04302477836609,8,0
19.055038928985596,8,0
19.067042112350464,8,0
19.07903504371643,8,0
19.091035842895508,8,0
19.103032112121582,8,0
19.115771055221558,8,0
19.127212047576904,8,0
19.139085054397583,8,0
19.151084899902344,8,0
19.163532972335815,8,0
19.175097942352295,8,0
19.187010049819946,8,0
19.199079990386963,8,0
19.211040019989014,8,0
19.223045110702515,8,0
19.23553991317749,8,0
19.247050046920776,8,0
19.25971817970276,8,1
19.271095991134644,8,5
19.283024787902832,8,13
19.295063018798828,8,18
19.307100772857666,8,24
19.31906795501709,8,31
19.331566095352173,8,37
19.343058824539185,8,43
19.3557710647583,8,49
19.367045164108276,8,55
19.379602909088135,8,62
19.391047954559326,8,67
19.403043031692505,8,71
19.41503882408142,8,76
19.427060842514038,8,81
19.4390389919281,8,86
19.45097017288208,8,88
19.46306300163269,8,88
19.47503685951233,8,88
19.487051010131836,8,90
19.49903106689453,8,90
19.511030912399292,8,89
19.523030996322632,8,90
19.53503680229187,8,90
19.547043085098267,8,90
19.559281826019287,8,90
19.57103681564331,8,88
19.5830340385437,8,89
19.5950288772583,8,87
19.607030868530273,8,87
19.619082927703857,8,84
19.63118314743042,8,80
19.643075942993164,8,74
19.655075073242188,8,69
19.66754698753357,8,64
19.679351091384888,8,59
19.69101595878601,8,52
19.7031090259552,8,48
19.715115070343018,8,43
19.72707509994507,8,39
19.739537954330444,8,33
19.75108289718628,8,28
19.763763904571533,8,23
19.77506399154663,8,17
19.787070989608765,8,14
19.79906988143921,8,11
19.81100106239319,8,7
19.823055028915405,8,6
19.83580207824707,8,4
19.84707498550415,8,4
19.859067916870117,8,3
19.87106990814209,8,3
19.8836190700531,8,4
19.89504313468933,8,5
19.907066106796265,8,2
19.918977975845337,8,3
19.93103790283203,8,3
19.942986011505127,8,3
19.955060958862305,8,2
19.967042922973633,8,2
19.97904682159424,8,6
19.99104881286621,8,12
20.002992153167725,8,19
20.01502299308777,8,25
20.027053117752075,8,31
20.03903579711914,8,37
20.051079988479614,8,45
20.063031911849976,8,51
20.07503890991211,8,56
20.087032079696655,8,62
20.099036931991577,8,67
20.111032962799072,8,71
20.12303900718689,8,76
20.135191917419434,8,80
20.148015022277832,8,83
20.15904402732849,8,84
20.171377182006836,8,87
20.183094024658203,8,88
20.19525384902954,8,88
20.20708394050598,8,89
20.219739198684692,8,87
20.231099843978882,8,87
20.243558883666992,8,88
20.25506091117859,8,88
20.267544984817505,8,90
20.27919888496399,8,88
20.29183006286621,8,87
20.30309295654297,8,81
20.31577491760254,8,70
20.327026844024658,8,62
20.339536905288696,8,53
20.35109305381775,8,43
20.36300492286682,8,34
20.37506604194641,8,26
20.387784957885742,8,17
20.399078845977783,8,9
20.41109609603882,8,2
20.42305898666382,8,0
20.43507695198059,8,0
20.44699788093567,8,0
20.458984851837158,8,0
20.471123933792114,8,0
20.483059883117676,8,0
20.49499273300171,8,0
20.507041931152344,8,0
20.51904296875,8,0
20.531044960021973,8,0
20.543068885803223,8,0
20.555057764053345,8,0
20.567059993743896,8,0
20.579057931900024,8,6
20.59104299545288,8,15
20.60306978225708,8,24
20.615077018737793,8,34
20.627046823501587,8,41
20.63918399810791,8,51
20.65176486968994,8,59
20.663091897964478,8,65
20.675657987594604,8,71
20.68709897994995,8,77
20.69902801513672,8,81
20.71108913421631,8,85
20.723798990249634,8,88
20.735302925109863,8,88
20.7475368976593,8,89
20.75909185409546,8,88
20.77166485786438,8,89
20.783102989196777,8,88
20.79576802253723,8,87
20.80709981918335,8,89
20.819781064987183,8,83
20.831010103225708,8,73
20.843533039093018,8,63
20.85533905029297,8,51
20.86781597137451,8,39
20.879068851470947,8,27
20.891749143600464,8,15
20.9030020236969,8,5
20.91509509086609,8,0
20.927088022232056,8,0
20.939035177230835,8,0
20.95099902153015,8,0
20.963001012802124,8,0
20.97507405281067,8,0
20.987085103988647,8,0
20.999001026153564,8,0
21.011075019836426,8,0
21.02305793762207,8,0
21.03510284423828,8,0
21.047060012817383,8,0
21.059059858322144,8,0
21.071061849594116,8,0
21.083078861236572,8,0
21.09505605697632,8,4
21.10706400871277,8,13
21.11904501914978,8,22
21.13106083869934,8,33
21.14322781562805,8,44
21.155045986175537,8,53
21.16716480255127,8,60
21.17909812927246,8,67
21.191144943237305,8,74
21.203296899795532,8,80
21.215492963790894,8,85
21.227571964263916,8,89
21.239109992980957,8,90
21.251883029937744,8,92
21.26309084892273,8,94
21.275118112564087,8,95
21.287096977233887,8,95
21.299566984176636,8,93
21.311285972595215,8,92
21.32375693321228,8,93
21.33502197265625,8,93
21.347075939178467,8,95
21.359067916870117,8,93
21.37153673171997,8,93
21.383015871047974,8,91
21.395759105682373,8,93
21.40760898590088,8,94
21.419137001037598,8,92
21.43123507499695,8,94
21.443115949630737,8,94
21.45531702041626,8,94
21.466989040374756,8,93
21.479089975357056,8,92
21.49124813079834,8,93
21.503063917160034,8,95
21.515016794204712,8,94
21.527078866958618,8,93
21.538939952850342,8,94
21.551098108291626,8,95
21.563034057617188,8,94
21.57504415512085,8,93
21.587026834487915,8,94
21.59907102584839,8,95
21.611042022705078,8,94
21.623046875,8,94
21.635066032409668,8,94
21.64723801612854,8,93
21.659071922302246,8,93
21.671047925949097,8,93
21.683107137680054,8,93
21.695127964019775,8,92
21.707226991653442,8,92
21.719059944152832,8,93
21.732008934020996,8,94
21.743340015411377,8,93
21.755341053009033,8,93
21.767332077026367,8,93
21.779258966445923,8,90
21.791282892227173,8,84
21.803218841552734,8,75
21.815335988998413,8,69
21.827828884124756,8,60
21.836150884628296,8,55
21.84822392463684,8,46
21.86026906967163,8,39
21.872272729873657,8,32
21.88443398475647,8,23
21.89625906944275,8,16
21.90828800201416,8,9
21.92026996612549,8,2
21.932256937026978,8,0
21.944257020950317,8,0
21.956259965896606,8,0
21.96824598312378,8,0
21.980247974395752,8,0
21.99224281311035,8,0
22.004254817962646,8,0
22.016247034072876,8,0
22.025202989578247,8,0
22.037317991256714,8,0
22.049322843551636,8,0
22.06131601333618,8,0
22.073312044143677,8,0
22.085298776626587,8,0
22.09730291366577,8,0
22.109309911727905,8,0
22.121315002441406,8,0
22.133316040039062,8,0
22.145363807678223,8,0
22.157318115234375,8,0
22.169318199157715,8,0
22.18130087852478,8,0
22.193367958068848,8,0
22.205363988876343,8,0
22.217201948165894,8,0
22.22919487953186,8,0
22.241195917129517,8,0
22.25322389602661,8,0
22.26518177986145,8,0
22.27729105949402,8,0
22.289209127426147,8,0
22.30119800567627,8,0
22.31318712234497,8,2
22.32519292831421,8,7
22.337177991867065,8,14
22.349188089370728,8,21
22.361176013946533,8,25
22.373178005218506,8,33
22.38520908355713,8,38
22.397180795669556,8,43
22.40916085243225,8,49
22.421164989471436,8,53
22.433179140090942,8,57
22.445173025131226,8,59
22.457172870635986,8,62
22.466003894805908,8,64
22.47785186767578,8,68
22.487072944641113,8,69
22.499084949493408,8,70
22.51107096672058,8,71
22.523555040359497,8,71
22.535046815872192,8,71
22.547061920166016,8,71
22.559096097946167,8,72
22.57108998298645,8,72
22.583046913146973,8,72
22.595072984695435,8,71
22.606906175613403,8,71
22.61906099319458,8,72
22.63091206550598,8,73
22.64307403564453,8,73
22.655062913894653,8,73
22.667119026184082,8,71
22.678910970687866,8,72
22.691065073013306,8,72
22.70296597480774,8,71
22.71508812904358,8,71
22.727179050445557,8,71
22.73912811279297,8,71
22.750960111618042,8,70
22.763059854507446,8,72
22.77497386932373,8,71
22.78706192970276,8,71
22.798951864242554,8,71
22.811063051223755,8,71
22.822942972183228,8,70
22.835160970687866,8,71
22.846972942352295,8,72
22.859020948410034,8,71
22.87131905555725,8,71
22.88306188583374,8,72
22.89516806602478,8,72
22.90714383125305,8,72
22.918941974639893,8,71
22.93106985092163,8,72
22.942946910858154,8,73
22.955060958862305,8,72
22.966947078704834,8,72
22.97906994819641,8,73
22.99092698097229,8,73
23.00315499305725,8,71
23.01492190361023,8,69
23.027071952819824,8,71
23.038978099822998,8,72
23.05115008354187,8,72
23.062939882278442,8,71
23.075081825256348,8,71
23.0869197845459,8,70
23.0990788936615,8,71
23.110918045043945,8,71
23.12313485145569,8,71
23.134915113449097,8,69
23.14706301689148,8,70
23.159085988998413,8,71
23.17106294631958,8,70
23.182931900024414,8,71
23.195064067840576,8,69
23.206918001174927,8,65
23.219078063964844,8,61
23.230977058410645,8,57
23.243129014968872,8,52
23.254981994628906,8,49
23.267067193984985,8,45
23.27899694442749,8,42
23.29110598564148,8,38
23.30296802520752,8,37
23.315083980560303,8,33
23.326974868774414,8,30
23.339094877243042,8,26
23.350950956344604,8,23
23.36314296722412,8,21
23.374948978424072,8,19
23.38707399368286,8,16
23.398980140686035,8,14
23.411073923110962,8,14
23.422945976257324,8,13
23.435166835784912,8,11
23.44695496559143,8,10
23.459105968475342,8,10
23.47095799446106,8,9
23.483069896697998,8,10
23.494942903518677,8,9
23.50708293914795,8,9
23.518944025039673,8,10
23.53116798400879,8,10
23.542963981628418,8,10
23.55506992340088,8,10
23.56694507598877,8,11
23.579066038131714,8,10
23.590923070907593,8,10
23.60310697555542,8,9
23.61493492126465,8,10
23.627095937728882,8,9
23.63892388343811,8,10
23.651148080825806,8,11
23.663007974624634,8,11
23.675078868865967,8,10
23.6869637966156,8,11
23.699074029922485,8,9
23.71092391014099,8,9
23.723145961761475,8,10
23.73502516746521,8,9
23.747073888778687,8,8
23.758976936340332,8,9
23.77107286453247,8,9
23.782976865768433,8,10
23.795069932937622,8,9
23.80698585510254,8,9
23.8190860748291,8,9
23.830972909927368,8,9
23.843079805374146,8,9
23.854968070983887,8,9
23.867074012756348,8,11
23.87923812866211,8,16
23.891202926635742,8,19
23.90304207801819,8,23
23.915078163146973,8,26
23.926958084106445,8,31
23.939096927642822,8,33
23.950982093811035,8,37
23.963152170181274,8,39
23.974950790405273,8,40
23.98707103729248,8,41
23.998941898345947,8,41
24.01110601425171,8,42
24.02294397354126,8,43
24.035085916519165,8,44
24.046956062316895,8,42
24.059082984924316,8,42
24.07098889350891,8,42
24.083138942718506,8,41
24.0949969291687,8,43
24.10707998275757,8,44
24.11912178993225,8,43
24.13108491897583,8,42
24.14293909072876,8,44
24.155176877975464,8,42
24.167065143585205,8,41
24.17907404899597,8,43
24.190929889678955,8,43
24.203097105026245,8,42
24.214926958084106,8,43
24.22710609436035,8,44
24.238970041275024,8,43
24.251078844070435,8,43
24.26298689842224,8,43
24.27508306503296,8,44
24.286999940872192,8,43
24.29911494255066,8,45
24.310977935791016,8,45
24.323071002960205,8,44
24.33500599861145,8,44
24.347078800201416,8,42
24.358978986740112,8,43
24.371078968048096,8,43
24.382970094680786,8,43
24.395087003707886,8,43
24.40696907043457,8,44
24.41909098625183,8,45
24.430933952331543,8,44
24.44308590888977,8,44
24.454962968826294,8,43
24.467062950134277,8,43
24.47891402244568,8,43
24.4910728931427,8,44
24.502952814102173,8,44
24.515081882476807,8,44
24.526944875717163,8,45
24.539088010787964,8,44
24.550976037979126,8,46
24.563075065612793,8,45
24.57498002052307,8,44
24.58707308769226,8,45
24.59895086288452,8,45
24.611109018325806,8,45
24.622954845428467,8,45
24.635121822357178,8,45
24.646969079971313,8,44
24.659082889556885,8,44
24.67104411125183,8,46
24.683077096939087,8,45
24.69489884376526,8,45
24.707039833068848,8,45
24.71902298927307,8,46
24.731035947799683,8,43
24.74294900894165,8,45
24.75513005256653,8,43
24.766988039016724,8,45
24.779078006744385,8,45
24.79101300239563,8,44
24.803088188171387,8,45
24.815027952194214,8,45
24.827082872390747,8,45
24.83899211883545,8,44
24.8510799407959,8,44
24.863005876541138,8,44
24.875087022781372,8,44
24.88700008392334,8,45
24.8991060256958,8,44
24.910985946655273,8,44
24.923076152801514,8,45
24.935297966003418,8,46
24.947089910507202,8,46
24.958972930908203,8,46
24.971128940582275,8,46
24.98295497894287,8,45
24.995073080062866,8,46
25.00696110725403,8,44
25.01910090446472,8,47
25.031136989593506,8,46
25.043094873428345,8,49
25.05497097969055,8,50
25.06715703010559,8,50
25.078953981399536,8,52
25.09112000465393,8,53
25.102975845336914,8,55
25.115128993988037,8,55
25.126998901367188,8,54
25.139162063598633,8,56
25.150959014892578,8,57
25.163095951080322,8,58
25.175025939941406,8,58
25.18733787536621,8,58
25.198960065841675,8,59
25.211107969284058,8,59
25.222941875457764,8,59
25.23517417907715,8,60
25.246947050094604,8,61
25.25908613204956,8,60
25.271058797836304,8,61
25.283110857009888,8,61
25.29499888420105,8,61
25.307168006896973,8,61
25.319005966186523,8,60
25.331077098846436,8,61
25.34299898147583,8,59
25.355139017105103,8,60
25.366987943649292,8,61
25.37908697128296,8,61
25.390979051589966,8,59
25.40316104888916,8,59
25.414977073669434,8,59
25.427083015441895,8,60
25.43898582458496,8,57
25.451168060302734,8,60
25.46296000480652,8,60
25.475133895874023,8,59
25.486963987350464,8,59
25.49911093711853,8,60
25.510980129241943,8,60
25.523076057434082,8,60
25.53500008583069,8,59
25.54708194732666,8,60
25.55896282196045,8,59
25.5711669921875,8,61
25.582961797714233,8,60
25.595082998275757,8,61
25.606980085372925,8,60
25.619088888168335,8,61
25.63095188140869,8,60
25.64316987991333,8,60
25.65495014190674,8,60
25.667104959487915,8,60
25.67904782295227,8,60
25.691333055496216,8,60
25.702953815460205,8,60
25.715072870254517,8,58
25.72697114944458,8,59
25.739380836486816,8,58
25.751001119613647,8,59
25.76308798789978,8,59
25.77495002746582,8,59
25.787142753601074,8,60
25.7990140914917,8,59
25.811165809631348,8,59
25.823009967803955,8,59
25.83511710166931,8,59
25.846994876861572,8,59
25.859076976776123,8,60
25.870986938476562,8,59
25.88308811187744,8,60
25.894999980926514,8,61
25.907163858413696,8,61
25.919018030166626,8,61
25.93108892440796,8,59
25.942991018295288,8,57
25.95512104034424,8,59
25.966951847076416,8,60
25.979109048843384,8,60
25.990978002548218,8,61
26.00309181213379,8,60
26.01518988609314,8,61
26.02708387374878,8,59
26.038982152938843,8,61
26.051077127456665,8,61
26.06296181678772,8,59
26.07509708404541,8,60
26.0869619846344,8,60
26.099151134490967,8,58
26.110952854156494,8,59
26.123085975646973,8,58
26.134958028793335,8,58
26.14708399772644,8,59
26.158952951431274,8,60
26.171152114868164,8,59
26.183043956756592,8,59
26.19508981704712,8,60
26.206952810287476,8,59
26.219095945358276,8,59
26.230954885482788,8,61
26.24317479133606,8,62
26.254971027374268,8,61
26.26716375350952,8,61
26.27895188331604,8,61
26.291095972061157,8,61
26.303023099899292,8,63
26.315091848373413,8,61
26.327025175094604,8,61
26.339176893234253,8,61
26.3510320186615,8,61
26.363082885742188,8,60
26.375005960464478,8,61
26.387090921401978,8,61
26.39903211593628,8,61
26.411163091659546,8,61
26.42300009727478,8,61
26.435126066207886,8,60
26.446999073028564,8,61
26.45908284187317,8,61
26.471003770828247,8,59
26.48316216468811,8,59
26.49499011039734,8,60
26.507158994674683,8,59
26.518987894058228,8,59
26.531094074249268,8,59
26.542981147766113,8,60
26.55507493019104,8,60
26.56698203086853,8,61
26.579162120819092,8,60
26.59099292755127,8,58
26.60308814048767,8,60
26.614978075027466,8,62
26.627089977264404,8,62
26.638985872268677,8,61
26.651148080825806,8,61
26.66296696662903,8,61
26.67517399787903,8,61
26.68706774711609,8,60
26.69908595085144,8,59
26.710951805114746,8,59
26.723083972930908,8,59
26.734992742538452,8,59
26.74720788002014,8,60
26.759010076522827,8,59
26.771095037460327,8,59
26.782961130142212,8,61
26.795088052749634,8,60
26.80706000328064,8,59
26.819153785705566,8,59
26.831021070480347,8,59
26.84308886528015,8,57
26.855015993118286,8,59
26.867083072662354,8,59
26.87905502319336,8,59
26.89114809036255,8,59
26.903025150299072,8,59
26.915093898773193,8,60
26.927011013031006,8,60
26.939358949661255,8,61
26.95134997367859,8,60
26.963116884231567,8,61
26.97502589225769,8,61
26.987165927886963,8,61
26.999003171920776,8,61
27.011090993881226,8,60
27.023003816604614,8,60
27.03514003753662,8,60
27.04698896408081,8,60
27.059163093566895,8,57
27.07098698616028,8,57
27.083086013793945,8,55
27.094995975494385,8,53
27.10709810256958,8,52
27.11897587776184,8,51
27.131165981292725,8,48
27.142971754074097,8,46
27.155169010162354,8,43
27.167163848876953,8,42
27.17913007736206,8,39
27.191076040267944,8,35
27.203088760375977,8,35
27.214991092681885,8,34
27.22713279724121,8,31
27.238965034484863,8,29
27.251116037368774,8,27
27.26298689842224,8,27
27.275097131729126,8,23
27.286967992782593,8,21
27.29910182952881,8,21
27.311007022857666,8,21
27.323092937469482,8,19
27.335049867630005,8,17
27.347098112106323,8,18
27.359027862548828,8,18
27.371104955673218,8,17
27.383032083511353,8,16
27.39509081840515,8,19
27.40702509880066,8,17
27.41912007331848,8,18
27.43097686767578,8,18
27.443130016326904,8,18
27.455015897750854,8,17
27.467094898223877,8,15
27.479017972946167,8,17
27.4910991191864,8,17
27.503015995025635,8,17
27.515142917633057,8,16
27.527067184448242,8,17
27.53914499282837,8,17
27.551043033599854,8,17
27.56315279006958,8,17
27.575036764144897,8,18
27.587141036987305,8,17
27.599007844924927,8,18
27.611131191253662,8,17
27.622994899749756,8,17
27.635093927383423,8,18
27.646987915039062,8,18
27.659093856811523,8,18
27.6710147857666,8,18
27.683109998703003,8,17
27.695069789886475,8,17
27.707087993621826,8,18
27.718971967697144,8,18
27.731096982955933,8,17
27.742979049682617,8,19
27.7550950050354,8,17
27.767616987228394,8,17
27.779093980789185,8,18
27.79098892211914,8,18
27.803123950958252,8,18
27.814980030059814,8,18
27.827110052108765,8,20
27.83903193473816,8,21
27.8510959148407,8,23
27.86302900314331,8,26
27.875094890594482,8,27
27.884119987487793,8,30
27.896028757095337,8,31
27.908018827438354,8,32
27.920016765594482,8,34
27.932016134262085,8,35
27.944024085998535,8,37
27.956012964248657,8,39
27.968016862869263,8,39
27.979942083358765,8,40
27.99194598197937,8,41
28.004007816314697,8,42
28.016007900238037,8,42
28.028013944625854,8,42
28.04004406929016,8,44
28.052021026611328,8,43
28.06401515007019,8,43
28.07309579849243,8,43
28.084982872009277,8,42
28.097012996673584,8,43
28.10902500152588,8,41
28.1209499835968,8,43
28.13301706314087,8,42
28.14498996734619,8,41
28.157009840011597,8,41
28.168999910354614,8,41
28.180984020233154,8,42
28.192999839782715,8,42
28.204998016357422,8,42
28.21697497367859,8,42
28.22899103164673,8,42
28.240970849990845,8,41
28.25297999382019,8,43
28.2620689868927,8,44
28.274186849594116,8,42
28.28599190711975,8,42
28.297972917556763,8,42
28.310016870498657,8,43
28.321979761123657,8,42
28.33396887779236,8,43
28.345979928970337,8,42
28.356066942214966,8,43
28.36738896369934,8,42
28.379383087158203,8,42
28.388284921646118,8,43
28.400455951690674,8,42
28.412364959716797,8,43
28.42437505722046,8,42
28.436364889144897,8,42
28.448320865631104,8,41
28.46030902862549,8,42
28.472867965698242,8,42
28.484704971313477,8,42
28.49645495414734,8,41
28.508360862731934,8,42
28.520351886749268,8,43
28.53234887123108,8,43
28.544515132904053,8,45
28.556349992752075,8,45
28.568342924118042,8,45
28.577277898788452,8,46
28.58934998512268,8,47
28.60145401954651,8,49
28.613471031188965,8,48
28.62545084953308,8,48
28.6373450756073,8,48
28.649406909942627,8,48
28.661452054977417,8,49
28.67364501953125,8,47
28.685472011566162,8,48
28.69746994972229,8,49
28.709635019302368,8,49
28.721473932266235,8,49
28.733449935913086,8,49
28.745462894439697,8,49
28.757449865341187,8,48
28.769453048706055,8,48
28.78173589706421,8,48
28.79344606399536,8,47
28.805450916290283,8,47
28.817641973495483,8,47
28.829908847808838,8,47
28.841454029083252,8,48
28.85338282585144,8,47
28.86545205116272,8,49
28.87745189666748,8,47
28.88944697380066,8,47
28.901381015777588,8,46
28.913450956344604,8,47
28.92547607421875,8,47
28.937453031539917,8,47
28.949448823928833,8,48
28.96144986152649,8,48
28.97347402572632,8,47
28.985447883605957,8,49
28.997363805770874,8,49
29.00944685935974,8,49
29.021371126174927,8,48
29.03336000442505,8,48
29.045450925827026,8,48
29.057600021362305,8,47
29.069486141204834,8,49
29.08151078224182,8,48
29.09344983100891,8,49
29.10545516014099,8,48
29.117446899414062,8,47
29.129414081573486,8,47
29.14134383201599,8,47
29.153501987457275,8,46
29.16546392440796,8,47
29.17734384536743,8,48
29.189446926116943,8,49
29.20146083831787,8,48
29.213338136672974,8,47
29.225454092025757,8,48
29.237446069717407,8,48
29.249449968338013,8,48
29.26164984703064,8,47
29.273478031158447,8,47
29.285459995269775,8,46
29.297448873519897,8,49
29.309478044509888,8,49
29.321462869644165,8,47
29.333548069000244,8,49
29.34545397758484,8,48
29.35770893096924,8,49
29.369459867477417,8,48
29.38145089149475,8,48
29.393459796905518,8,49
29.405452966690063,8,50
29.417468786239624,8,48
29.42945408821106,8,49
29.44138479232788,8,48
29.453447818756104,8,46
29.465440034866333,8,47
29.477651834487915,8,47
29.48938012123108,8,47
29.50145196914673,8,48
29.513404846191406,8,47
29.525488138198853,8,48
29.537489891052246,8,47
29.549612045288086,8,47
29.56140112876892,8,48
29.573394775390625,8,47
29.585726976394653,8,48
29.597402095794678,8,48
29.609313011169434,8,46
29.621418952941895,8,48
29.63343095779419,8,48
29.645369052886963,8,47
29.657348155975342,8,47
29.669448852539062,8,48
29.681473970413208,8,49
29.69344997406006,8,49
29.70534086227417,8,49
29.717453956604004,8,48
29.729454040527344,8,49
29.74145197868347,8,48
29.75333285331726,8,48
29.765454053878784,8,49
29.777454137802124,8,48
29.789458990097046,8,46
29.801457166671753,8,47
29.81345295906067,8,47
29.82545304298401,8,47
29.83749294281006,8,47
29.849467039108276,8,47
29.861467838287354,8,46
29.873635053634644,8,47
29.885459899902344,8,47
29.89746403694153,8,46
29.90946102142334,8,47
29.92147994041443,8,47
29.933486938476562,8,48
29.94546890258789,8,46
29.95746898651123,8,48
29.969451904296875,8,48
29.981491804122925,8,48
29.993476152420044,8,49
30.005409002304077,8,48
30.017457962036133,8,49
30.02946400642395,8,48
30.041563034057617,8,49
30.053354024887085,8,47
30.06544780731201,8,49
30.077549934387207,8,48
30.08953595161438,8,48
30.10147500038147,8,47
30.11345410346985,8,48
30.125457763671875,8,48
30.13745403289795,8,48
30.1493718624115,8,46
30.161359071731567,8,47
30.173467874526978,8,47
30.18545889854431,8,47
30.197471857070923,8,48
30.209460973739624,8,47
30.221341848373413,8,47
30.23345398902893,8,45
30.245447874069214,8,46
30.257399082183838,8,46
30.269405841827393,8,48
30.281455993652344,8,48
30.29345393180847,8,46
30.30545401573181,8,48
30.317445039749146,8,49
30.32945990562439,8,48
30.341516971588135,8,48
30.353445053100586,8,47
30.3654568195343,8,47
30.377453088760376,8,49
30.38945508003235,8,48
30.401460886001587,8,48
30.413478136062622,8,48
30.425675868988037,8,48
30.437426805496216,8,48
30.449408054351807,8,49
30.46145796775818,8,49
30.473501920700073,8,47
30.485464096069336,8,47
30.49745798110962,8,48
30.509456157684326,8,48
30.521457195281982,8,47
30.533583164215088,8,47
30.545449018478394,8,47
30.5574688911438,8,47
30.56947088241577,8,47
30.58144783973694,8,47
30.59353280067444,8,47
30.60544991493225,8,47
30.617478847503662,8,46
30.629371166229248,8,47
30.641458988189697,8,49
30.653451919555664,8,49
30.66545295715332,8,49
30.67745614051819,8,48
30.68936800956726,8,48
30.701455116271973,8,48
30.713451862335205,8,48
30.725451946258545,8,49
30.73745083808899,8,48
30.7493679523468,8,47
30.761461973190308,8,48
30.77347493171692,8,48
30.78572106361389,8,48
30.79746103286743,8,48
30.809452056884766,8,47
30.821460008621216,8,47
30.833454132080078,8,47
30.84550404548645,8,46
30.85746717453003,8,46
30.86944603919983,8,47
30.881446838378906,8,46
30.893445014953613,8,46
30.90547204017639,8,48
30.917447805404663,8,46
30.929466009140015,8,47
30.94147801399231,8,47
30.953731060028076,8,47
30.96546983718872,8,46
30.977730989456177,8,47
30.989481925964355,8,48
31.00148296356201,8,49
31.013453006744385,8,49
31.02557682991028,8,48
31.03745412826538,8,48
31.049457788467407,8,48
31.061461925506592,8,48
31.073477029800415,8,49
31.08545207977295,8,50
31.097553968429565,8,48
31.109715938568115,8,48
31.1214599609375,8,48
31.133485078811646,8,48
31.14537000656128,8,47
31.15738797187805,8,46
31.169468879699707,8,47
31.18145513534546,8,45
31.193456172943115,8,46
31.20544695854187,8,47
31.217365980148315,8,48
31.22968602180481,8,47
31.2413649559021,8,47
31.253450870513916,8,47
31.265451908111572,8,47
31.277458906173706,8,47
31.289618968963623,8,47
31.301472902297974,8,47
31.313371181488037,8,47
31.325479984283447,8,47
31.33739686012268,8,48
31.349483013153076,8,47
31.361419916152954,8,49
31.373417854309082,8,48
31.385401964187622,8,49
31.39751696586609,8,48
31.409389972686768,8,48
31.42139196395874,8,48
31.433406829833984,8,49
31.44542694091797,8,49
31.45750904083252,8,48
31.469456911087036,8,48
31.481433153152466,8,48
31.493438005447388,8,47
31.505430936813354,8,47
31.517420053482056,8,45
31.529452085494995,8,46
31.541441917419434,8,46
31.55342197418213,8,46
31.56541681289673,8,47
31.577391147613525,8,48
31.589400053024292,8,47
31.601540088653564,8,46
31.61342692375183,8,48
31.625441074371338,8,49
31.63741683959961,8,49
31.64946699142456,8,52
31.66140580177307,8,53
31.67342495918274,8,54
31.68549394607544,8,57
31.697407007217407,8,57
31.70941400527954,8,59
31.721410036087036,8,59
31.73333191871643,8,59
31.74539589881897,8,61
31.757397890090942,8,63
31.769640922546387,8,63
31.781924962997437,8,64
31.793413162231445,8,65
31.805444955825806,8,66
31.817488193511963,8,67
31.829436779022217,8,67
31.841456174850464,8,68
31.853763103485107,8,68
31.865469932556152,8,69
31.87743902206421,8,69
31.889424085617065,8,70
31.901705980300903,8,70
31.91350507736206,8,70
31.925435781478882,8,70
31.937522888183594,8,69
31.949431896209717,8,68
31.961451053619385,8,69
31.973495960235596,8,69
31.985513925552368,8,70
31.997509002685547,8,70
32.009479999542236,8,70
32.021443128585815,8,71
32.03348088264465,8,71
32.04549980163574,8,71
32.05748796463013,8,71
32.069469928741455,8,70
32.081470012664795,8,71
32.09346604347229,8,70
32.10555601119995,8,71
32.117493867874146,8,71
32.129469871520996,8,70
32.14151096343994,8,71
32.15390586853027,8,71
32.165465116500854,8,70
32.17748975753784,8,70
32.189430952072144,8,70
32.20146203041077,8,68
32.21404004096985,8,69
32.22534704208374,8,70
32.23735809326172,8,69
32.24944615364075,8,67
32.26142406463623,8,69
32.273420095443726,8,69
32.28558111190796,8,68
32.297410011291504,8,69
32.30965495109558,8,70
32.32141590118408,8,70
32.33331608772278,8,70
32.345414876937866,8,70
32.3575119972229,8,70
32.36976599693298,8,69
32.38140392303467,8,69
32.393423080444336,8,70
32.40545606613159,8,69
32.417436838150024,8,68
32.42941904067993,8,69
32.44141483306885,8,67
32.45345497131348,8,67
32.465468883514404,8,67
32.47745084762573,8,67
32.48946785926819,8,67
32.501500844955444,8,65
32.51349401473999,8,65
32.52546405792236,8,65
32.5374219417572,8,65
32.54946494102478,8,65
32.56148982048035,8,64
32.57362389564514,8,64
32.58555293083191,8,65
32.59747099876404,8,64
32.609564781188965,8,64
32.621445178985596,8,65
32.633485078811646,8,65
32.64543676376343,8,62
32.65745711326599,8,64
32.66943573951721,8,66
32.68168592453003,8,64
32.693475008010864,8,64
32.70542597770691,8,65
32.717414140701294,8,64
32.72942399978638,8,64
32.74143099784851,8,62
32.753417015075684,8,62
32.765434980392456,8,61
32.77742576599121,8,62
32.7894229888916,8,61
32.801437854766846,8,59
32.81341481208801,8,57
32.82545781135559,8,54
32.83742094039917,8,52
32.849465131759644,8,51
32.861506938934326,8,49
32.87345004081726,8,47
32.8855299949646,8,44
32.897451877593994,8,44
32.909461975097656,8,42
32.921518087387085,8,40
32.93350076675415,8,40
32.945448875427246,8,38
32.95743417739868,8,36
32.96941304206848,8,35
32.98139500617981,8,33
32.993480920791626,8,32
33.00546717643738,8,29
33.017478942871094,8,28
33.02951908111572,8,27
33.041510820388794,8,25
33.053459882736206,8,23
33.065495014190674,8,21
33.077582120895386,8,18
33.089524030685425,8,17
33.101495027542114,8,15
33.1135950088501,8,13
33.12550592422485,8,11
33.137486934661865,8,9
33.14948081970215,8,8
33.16143202781677,8,8
33.17347979545593,8,6
33.185506105422974,8,5
33.19746208190918,8,5
33.20947980880737,8,5
33.22141790390015,8,3
33.2334508895874,8,4
33.24551701545715,8,6
33.26262807846069,8,6
33.274747133255005,8,5
33.287773847579956,8,6
33.29343295097351,8,6
33.30544686317444,8,4
33.31749701499939,8,4
33.33022904396057,8,4
33.34146595001221,8,4
33.35349988937378,8,5
33.36556005477905,8,5
33.377479791641235,8,5
33.389463901519775,8,5
33.40148401260376,8,4
33.41346502304077,8,6
33.42548704147339,8,5
33.437416791915894,8,5
33.44947814941406,8,5
33.46142315864563,8,5
33.47347807884216,8,5
33.4854781627655,8,6
33.49753284454346,8,6
33.50952911376953,8,4
33.521528005599976,8,4
33.53344511985779,8,4
33.54546785354614,8,4
33.55745792388916,8,3
33.56948494911194,8,4
33.581533908843994,8,4
33.59349703788757,8,4
33.60550498962402,8,4
33.61760687828064,8,4
33.62949991226196,8,4
33.6414840221405,8,5
33.65346717834473,8,4
33.665462017059326,8,5
33.6777400970459,8,5
33.68945789337158,8,5
33.701504945755005,8,4
33.713473081588745,8,5
33.72547888755798,8,4
33.73751401901245,8,4
33.7498197555542,8,5
33.7616069316864,8,5
33.7735071182251,8,5
33.78547978401184,8,5
33.79752588272095,8,4
33.809529066085815,8,5
33.82146596908569,8,5
33.833417892456055,8,5
33.84544897079468,8,5
33.85749292373657,8,5
33.86957097053528,8,5
33.88146495819092,8,4
33.8934588432312,8,5
33.90545701980591,8,5
33.91747307777405,8,5
33.92945718765259,8,5
33.94147491455078,8,5
33.953468799591064,8,4
33.965481996536255,8,6
33.977510929107666,8,9
33.98946714401245,8,10
34.00149917602539,8,12
34.013587951660156,8,13
34.02551007270813,8,15
34.03745889663696,8,17
34.04951500892639,8,19
34.05836009979248,8,21
34.070459842681885,8,23
34.0824818611145,8,24
34.09449100494385,8,26
34.10645914077759,8,28
34.11845898628235,8,29
34.13050699234009,8,31
34.142462968826294,8,32
34.1545147895813,8,34
34.16646599769592,8,35
34.17848181724548,8,37
34.19046592712402,8,39
34.20246505737305,8,39
34.214475870132446,8,41
34.226475954055786,8,42
34.23841691017151,8,42
34.2472927570343,8,43
34.259833097457886,8,43
34.27146005630493,8,47
34.284082889556885,8,45
34.295449018478394,8,47
34.30833411216736,8,47
34.319424867630005,8,47
34.33190393447876,8,47
34.343477964401245,8,46
34.368029832839966,8,47
34.37401604652405,8,48
34.38233995437622,8,47
34.39339804649353,8,47
34.404828786849976,8,49
34.415409088134766,8,49
34.430742025375366,8,48
34.43897008895874,8,47
34.448538064956665,8,49
34.46119284629822,8,48
34.47248983383179,8,47
34.48448300361633,8,48
34.49647402763367,8,48
34.505300998687744,8,48
34.51752710342407,8,47
34.52952790260315,8,47
34.541455030441284,8,46
34.553531885147095,8,47
34.56556987762451,8,47
34.57850098609924,8,48
34.58617901802063,8,45
34.59847092628479,8,46
34.610410928726196,8,46
34.619576930999756,8,47
34.63230895996094,8,45
34.644047021865845,8,47
34.655478954315186,8,48
34.667935848236084,8,46
34.67947602272034,8,46
34.69140291213989,8,46
34.70335793495178,8,47
34.71542286872864,8,48
34.7273588180542,8,47
34.739465951919556,8,47
34.75148582458496,8,48
34.76347208023071,8,48
34.775378942489624,8,47
34.78740882873535,8,48
34.79935097694397,8,47
34.811397075653076,8,47
34.8233380317688,8,46
34.83552002906799,8,46
34.847389936447144,8,46
34.85937309265137,8,47
34.87187194824219,8,48
34.88333988189697,8,47
34.89551401138306,8,48
34.90750789642334,8,48
34.919466972351074,8,48
34.93146896362305,8,47
34.9433479309082,8,49
34.955405950546265,8,49
34.9673810005188,8,49
34.97936415672302,8,49
34.991310119628906,8,48
35.00377178192139,8,47
35.01532697677612,8,49
35.027390003204346,8,49
35.039371967315674,8,49
35.051498889923096,8,50
35.06336307525635,8,50
35.07538199424744,8,51
35.08735990524292,8,50
35.09942078590393,8,50
35.11135411262512,8,51
35.12349796295166,8,49
35.13536620140076,8,48
35.14737606048584,8,49
35.15941095352173,8,49
35.17140507698059,8,50
35.18335580825806,8,50
35.195379972457886,8,49
35.20741605758667,8,51
35.219383001327515,8,49
35.231395959854126,8,49
35.243403911590576,8,48
35.25541090965271,8,49
35.267462968826294,8,49
35.279340982437134,8,49
35.29166316986084,8,49
35.30333495140076,8,51
35.31538200378418,8,50
35.32732582092285,8,50
35.339388847351074,8,50
35.351337909698486,8,51
35.36347198486328,8,52
35.37534213066101,8,53
35.387380838394165,8,53
35.39932703971863,8,53
35.411393880844116,8,53
35.42331099510193,8,52
35.43546390533447,8,54
35.44736886024475,8,54
35.45946788787842,8,54
35.471307039260864,8,52
35.483405113220215,8,53
35.495314836502075,8,53
35.50763010978699,8,53
35.51934003829956,8,53
35.531469106674194,8,54
35.54337191581726,8,55
35.55539298057556,8,53
35.56736779212952,8,51
35.579384088516235,8,53
35.59137201309204,8,53
35.603461027145386,8,54
35.61536884307861,8,53
35.62746500968933,8,53
35.63935995101929,8,53
35.651395082473755,8,54
35.66335678100586,8,54
35.67539191246033,8,55
35.68735408782959,8,55
35.699459075927734,8,54
35.71135902404785,8,56
35.723398208618164,8,57
35.735349893569946,8,57
35.74746584892273,8,58
35.75947093963623,8,58
35.7714729309082,8,58
35.78352093696594,8,58
35.795406103134155,8,59
35.807334184646606,8,58
35.819413900375366,8,58
35.831352949142456,8,57
35.843459129333496,8,58
35.85533785820007,8,57
35.86758899688721,8,58
35.879334926605225,8,58
35.891412019729614,8,57
35.90333700180054,8,57
35.91538596153259,8,57
35.927462100982666,8,57
35.93946099281311,8,56
35.951322078704834,8,56
35.96347689628601,8,56
35.97531199455261,8,57
35.987460136413574,8,55
35.999322175979614,8,58
36.011714935302734,8,57
36.0233268737793,8,56
36.03549003601074,8,56
36.04738402366638,8,56
36.05946397781372,8,56
36.07139301300049,8,57
36.08346104621887,8,57
36.09537100791931,8,58
36.10746383666992,8,57
36.119377851486206,8,58
36.13140082359314,8,59
36.14337611198425,8,56
36.15538501739502,8,58
36.16738295555115,8,56
36.17938709259033,8,58
36.19137096405029,8,57
36.20346689224243,8,57
36.21551513671875,8,57
36.227468967437744,8,57
36.23935890197754,8,56
36.25140595436096,8,57
36.26346492767334,8,57
36.275476932525635,8,56
36.28735089302063,8,58
36.29935574531555,8,56
36.311367988586426,8,56
36.32341694831848,8,57
36.33533477783203,8,57
36.34738779067993,8,56
36.35934090614319,8,57
36.37146997451782,8,57
36.3833429813385,8,56
36.39546203613281,8,56
36.4073441028595,8,58
36.41948318481445,8,58
36.431325912475586,8,57
36.443389892578125,8,59
36.45533490180969,8,56
36.46746206283569,8,58
36.479328870773315,8,57
36.4916090965271,8,57
36.50332689285278,8,57
36.515883922576904,8,59
36.52732300758362,8,58
36.53939700126648,8,58
36.55137300491333,8,57
36.56356191635132,8,58
36.57538986206055,8,57
36.58734583854675,8,57
36.5994029045105,8,56
36.611464977264404,8,58
36.623384952545166,8,56
36.635483741760254,8,56
36.64738082885742,8,57
36.65939497947693,8,57
36.67139410972595,8,57
36.68340802192688,8,57
36.69537401199341,8,57
36.707398891448975,8,58
36.719366788864136,8,57
36.73138785362244,8,56
36.74336290359497,8,57
36.75539183616638,8,57
36.767475843429565,8,58
36.77938985824585,8,57
36.791358947753906,8,58
36.803406953811646,8,58
36.81535983085632,8,57
36.827471017837524,8,58
36.83935308456421,8,58
36.851386070251465,8,58
36.863353967666626,8,58
36.875394105911255,8,58
36.887348890304565,8,58
36.89946103096008,8,58
36.91136598587036,8,57
36.92339611053467,8,56
36.93533992767334,8,58
36.94746208190918,8,57
36.95934200286865,8,55
36.97146797180176,8,57
36.983333110809326,8,56
36.99539303779602,8,57
37.00736689567566,8,57
37.01961803436279,8,56
37.03128099441528,8,57
37.04341697692871,8,57
37.05527091026306,8,57
37.06746482849121,8,58
37.07934308052063,8,60
37.091472148895264,8,58
37.10354495048523,8,57
37.115473985672,8,58
37.12746500968933,8,58
37.139647006988525,8,58
37.15139198303223,8,58
37.163532972335815,8,58
37.17535591125488,8,57
37.18742489814758,8,57
37.19932794570923,8,58
37.2114679813385,8,56
37.223392963409424,8,58
37.23553204536438,8,58
37.247398853302,8,58
37.25948214530945,8,57
37.27146911621094,8,57
37.283478021621704,8,58
37.29538893699646,8,56
37.3074209690094,8,57
37.31937599182129,8,57
37.331470012664795,8,56
37.34337615966797,8,57
37.35549783706665,8,56
37.36738610267639,8,57
37.3794219493866,8,56
37.39136981964111,8,57
37.40340614318848,8,55
37.415385007858276,8,56
37.427468061447144,8,58
37.43944597244263,8,58
37.45140814781189,8,58
37.463475942611694,8,57
37.47548580169678,8,58
37.48739290237427,8,57
37.49947214126587,8,58
37.51133418083191,8,58
37.523618936538696,8,58
37.53535294532776,8,58
37.54740285873413,8,59
37.559329986572266,8,57
37.57166409492493,8,58
37.58334684371948,8,57
37.595479011535645,8,58
37.60746097564697,8,57
37.61965298652649,8,58
37.631454944610596,8,56
37.643462896347046,8,57
37.655473947525024,8,55
37.667486906051636,8,57
37.67938709259033,8,57
37.69145894050598,8,57
37.70341610908508,8,55
37.715535163879395,8,57
37.727391958236694,8,57
37.73945593833923,8,56
37.75138187408447,8,55
37.76346397399902,8,58
37.77547311782837,8,58
37.78745913505554,8,57
37.79937291145325,8,57
37.81146502494812,8,57
37.82338190078735,8,58
37.835495948791504,8,58
37.84735679626465,8,58
37.85948300361633,8,57
37.87137985229492,8,57
37.88346290588379,8,58
37.89535903930664,8,58
37.90749478340149,8,58
37.9193971157074,8,58
37.931458950042725,8,56
37.94329500198364,8,55
37.95546793937683,8,53
37.96734309196472,8,52
37.97967505455017,8,51
37.99134802818298,8,47
38.00346803665161,8,47
38.01534414291382,8,44
38.02764010429382,8,41
38.03933000564575,8,39
38.05147099494934,8,37
38.06333684921265,8,34
38.075456857681274,8,34
38.08733296394348,8,32
38.09946584701538,8,30
38.11146807670593,8,29
38.12360191345215,8,27
38.135409116744995,8,24
38.14747595787048,8,23
38.159481048583984,8,21
38.17147994041443,8,20
38.183428049087524,8,19
38.19545006752014,8,17
38.20746898651123,8,16
38.21945595741272,8,15
38.23142910003662,8,14
38.243459939956665,8,13
38.25531888008118,8,12
38.2675039768219,8,10
38.27948594093323,8,10
38.29147005081177,8,10
38.3033971786499,8,8
38.315473794937134,8,8
38.327397108078,8,9
38.33953619003296,8,9
38.351409912109375,8,8
38.36342096328735,8,8
38.37539601325989,8,8
38.38748002052307,8,7
38.39940595626831,8,8
38.41148591041565,8,8
38.4233660697937,8,6
38.43549418449402,8,8
38.447388887405396,8,9
38.45946478843689,8,10
38.47139096260071,8,8
38.483479022979736,8,10
38.495391845703125,8,9
38.507482051849365,8,10
38.51930284500122,8,10
38.53160500526428,8,10
38.54339098930359,8,9
38.555493116378784,8,9
38.56736207008362,8,9
38.57996487617493,8,9
38.59132385253906,8,10
38.603461027145386,8,13
38.615391969680786,8,14
38.62758708000183,8,13
38.63942098617554,8,17
38.65165090560913,8,18
38.663463830947876,8,19
38.67550587654114,8,21
38.68748092651367,8,23
38.69947791099548,8,23
38.71147799491882,8,26
38.72348213195801,8,27
38.735440731048584,8,26
38.74750590324402,8,27
38.76172375679016,8,27
38.77150583267212,8,29
38.783437967300415,8,30
38.795490980148315,8,31
38.80898404121399,8,31
38.819502115249634,8,32
38.83139705657959,8,31
38.84350895881653,8,33
38.855355739593506,8,33
38.86748194694519,8,33
38.87938189506531,8,33
38.89146590232849,8,34
38.90338492393494,8,35
38.91549205780029,8,36
38.927379846572876,8,36
38.93946695327759,8,37
38.95137000083923,8,35
38.963462829589844,8,36
38.975372076034546,8,38
38.98749303817749,8,38
38.999364137649536,8,36
39.0114848613739,8,38
39.02335786819458,8,39
39.03549885749817,8,40
39.04736089706421,8,40
39.05946898460388,8,41
39.07135891914368,8,41
39.08346390724182,8,42
39.09535503387451,8,39
39.10748481750488,8,41
39.11938786506653,8,42
39.131500005722046,8,44
39.14346218109131,8,45
39.155478954315186,8,43
39.16747212409973,8,44
39.17965483665466,8,45
39.19146013259888,8,44
39.203484773635864,8,44
39.21545910835266,8,44
39.227455854415894,8,44
39.23947215080261,8,43
39.251502990722656,8,44
39.26343488693237,8,43
39.275439977645874,8,44
39.2875030040741,8,43
39.299468994140625,8,42
39.31147003173828,8,43
39.32350301742554,8,43
39.33547115325928,8,44
39.347469091415405,8,43
39.359395027160645,8,42
39.37146210670471,8,43
39.38339614868164,8,44
39.39546275138855,8,45
39.40740489959717,8,43
39.41957497596741,8,45
39.431381940841675,8,44
39.44349193572998,8,45
39.45538306236267,8,45
39.46747899055481,8,47
39.479341983795166,8,48
39.49146008491516,8,49
39.50337505340576,8,50
39.51549410820007,8,50
39.52737092971802,8,51
39.539649963378906,8,52
39.551372051239014,8,53
39.563467025756836,8,54
39.575364112854004,8,54
39.58746790885925,8,54
39.59936499595642,8,56
39.611469984054565,8,57
39.623374938964844,8,57
39.635485887527466,8,56
39.64752411842346,8,55
39.659658908843994,8,56
39.67147493362427,8,57
39.683680057525635,8,58
39.69546699523926,8,58
39.70748209953308,8,58
39.719467878341675,8,57
39.731496810913086,8,57
39.74346685409546,8,56
39.75547790527344,8,58
39.76746487617493,8,58
39.77948212623596,8,58
39.791515827178955,8,58
39.80347275733948,8,58
39.81546902656555,8,57
39.82747006416321,8,58
39.839396953582764,8,58
39.85149002075195,8,59
39.86339807510376,8,56
39.87546896934509,8,59
39.887401819229126,8,59
39.89946794509888,8,57
39.91163396835327,8,59
39.92349100112915,8,58
39.935436964035034,8,58
39.94747281074524,8,58
39.95939087867737,8,58
39.97147488594055,8,57
39.98338794708252,8,57
39.99546480178833,8,57
40.00738000869751,8,56
40.0194628238678,8,57
40.03137516975403,8,58
40.043659925460815,8,57
40.05549883842468,8,58
40.067471981048584,8,57
40.0793719291687,8,57
40.091484785079956,8,57
40.103374004364014,8,57
40.115476846694946,8,57
40.12742900848389,8,58
40.13942289352417,8,58
40.1513090133667,8,59
40.163511991500854,8,58
40.175480127334595,8,58
40.187681913375854,8,58
40.19951677322388,8,59
40.21159505844116,8,59
40.2234148979187,8,59
40.23223090171814,8,58
40.24442219734192,8,58
40.25630521774292,8,58
40.26844310760498,8,57
40.28047585487366,8,58
40.292365074157715,8,58
40.304495096206665,8,57
40.31635499000549,8,57
40.328365087509155,8,58
40.34048414230347,8,57
40.35234785079956,8,57
40.36446785926819,8,57
40.376465797424316,8,56
40.38835000991821,8,58
40.40039896965027,8,55
40.41241502761841,8,57
40.42126488685608,8,56
40.433419942855835,8,57
40.445393800735474,8,57
40.457497119903564,8,58
40.46939992904663,8,58
40.481382846832275,8,56
40.49339008331299,8,57
40.5054349899292,8,58
40.51738691329956,8,58
40.529386043548584,8,59
40.54137182235718,8,58
40.55338501930237,8,58
40.56538009643555,8,59
40.5774781703949,8,59
40.58938002586365,8,59
40.601377964019775,8,59
40.61040210723877,8,59
40.62263798713684,8,58
40.634392976760864,8,57
40.64638090133667,8,58
40.65842294692993,8,57
40.67038106918335,8,57
40.68249011039734,8,57
40.69448280334473,8,57
40.70647382736206,8,57
40.718470096588135,8,58
40.72736620903015,8,57
40.73967409133911,8,58
40.75147581100464,8,57
40.76351881027222,8,57
40.775490045547485,8,57
40.78766989707947,8,57
40.79952096939087,8,57
40.81146788597107,8,58
40.823468923568726,8,58
40.835514068603516,8,57
40.84746694564819,8,58
40.85947394371033,8,59
40.87148094177246,8,59
40.883493185043335,8,58
40.89565992355347,8,58
40.90747094154358,8,58
40.919463872909546,8,59
40.934613943099976,8,58
40.943475008010864,8,58
40.955474853515625,8,59
40.9673969745636,8,58
40.97950005531311,8,57
40.98825287818909,8,57
41.00039076805115,8,57
41.0093309879303,8,56
41.0215630531311,8,57
41.033573150634766,8,55
41.04555797576904,8,57
41.05754804611206,8,57
41.06956481933594,8,57
41.08158898353577,8,56
41.093563079833984,8,57
41.10555291175842,8,57
41.117565870285034,8,55
41.1295850276947,8,56
41.14162087440491,8,59
41.153547048568726,8,58
41.16556215286255,8,58
41.1777138710022,8,59
41.18956685066223,8,57
41.20162105560303,8,60
41.21361494064331,8,60
41.22555375099182,8,58
41.23753499984741,8,58
41.24960517883301,8,57
41.26156997680664,8,58
41.27362513542175,8,58
41.28554701805115,8,59
41.297595739364624,8,58
41.30959510803223,8,59
41.32159209251404,8,58
41.33359408378601,8,58
41.34559416770935,8,57
41.35759091377258,8,58
41.369527101516724,8,57
41.38159680366516,8,57
41.394004821777344,8,58
41.40558195114136,8,58
41.41752099990845,8,57
41.42966604232788,8,58
41.44156789779663,8,57
41.45357298851013,8,56
41.46557688713074,8,57
41.47757315635681,8,58
41.48950910568237,8,59
41.50159311294556,8,58
41.51356387138367,8,58
41.52556800842285,8,58
41.53758692741394,8,59
41.54955792427063,8,59
41.56181812286377,8,58
41.57356381416321,8,58
41.585566997528076,8,57
41.59756112098694,8,58
41.60954999923706,8,58
41.62154793739319,8,59
41.63354992866516,8,59
41.64555788040161,8,57
41.65758419036865,8,57
41.669597864151,8,56
41.68173599243164,8,55
41.69357490539551,8,54
41.705612897872925,8,53
41.7176239490509,8,50
41.72963500022888,8,49
41.74161720275879,8,47
41.753620862960815,8,45
41.76562190055847,8,42
41.777637004852295,8,40
41.78960108757019,8,38
41.80161690711975,8,36
41.81360101699829,8,33
41.82560992240906,8,33
41.837615966796875,8,31
41.84961199760437,8,28
41.861605167388916,8,26
41.87360882759094,8,24
41.88561201095581,8,24
41.897554874420166,8,22
41.90952396392822,8,19
41.92160677909851,8,17
41.93371295928955,8,17
41.9456000328064,8,16
41.95759296417236,8,15
41.96959900856018,8,14
41.98158884048462,8,13
41.99352192878723,8,10
42.005597829818726,8,9
42.01761198043823,8,9
42.029582023620605,8,7
42.041576862335205,8,7
42.05357789993286,8,6
42.06550908088684,8,7
42.07750606536865,8,7
42.08957481384277,8,6
42.10156989097595,8,7
42.113566875457764,8,6
42.1255669593811,8,6
42.137568950653076,8,7
42.149572134017944,8,7
42.161582946777344,8,6
42.1735999584198,8,7
42.18572378158569,8,7
42.19756889343262,8,7
42.20959210395813,8,8
42.221580028533936,8,8
42.233649015426636,8,7
42.2456271648407,8,7
42.25763392448425,8,8
42.269633054733276,8,7
42.28162407875061,8,7
42.29362773895264,8,8
42.3055579662323,8,8
42.317610025405884,8,11
42.32961988449097,8,14
42.341551065444946,8,16
42.35361099243164,8,20
42.36561703681946,8,22
42.37760305404663,8,25
42.38961100578308,8,27
42.40162205696106,8,29
42.41360306739807,8,33
42.42560291290283,8,34
42.43775200843811,8,37
42.44960880279541,8,38
42.461609840393066,8,39
42.473592042922974,8,42
42.48559594154358,8,43
42.49752902984619,8,45
42.50960302352905,8,47
42.5216019153595,8,48
42.53357696533203,8,48
42.54559516906738,8,49
42.55758309364319,8,51
42.56951594352722,8,52
42.58156681060791,8,51
42.59356904029846,8,53
42.605485916137695,8,52
42.61750912666321,8,53
42.62951183319092,8,54
42.64157295227051,8,52
42.65357208251953,8,52
42.665565967559814,8,54
42.67758107185364,8,53
42.68971109390259,8,52
42.70181608200073,8,52
42.71356701850891,8,53
42.72572207450867,8,52
42.73781991004944,8,52
42.74957489967346,8,52
42.76162791252136,8,52
42.77360415458679,8,51
42.78563094139099,8,52
42.79761099815369,8,51
42.80962896347046,8,52
42.82162404060364,8,52
42.833632946014404,8,52
42.845617055892944,8,53
42.85781192779541,8,52
42.86962890625,8,53
42.88162398338318,8,53
42.893608808517456,8,52
42.90559792518616,8,54
42.91761612892151,8,53
42.92960000038147,8,54
42.94169282913208,8,53
42.953608989715576,8,54
42.96559691429138,8,53
42.977595806121826,8,55
42.98960304260254,8,54
43.001542806625366,8,54
43.013592004776,8,54
43.02586388587952,8,55
43.03761410713196,8,53
43.04962205886841,8,54
43.061599016189575,8,56
43.07357478141785,8,54
43.0860960483551,8,54
43.09757208824158,8,55
43.109583139419556,8,55
43.12157988548279,8,54
43.13356685638428,8,55
43.145583152770996,8,56
43.157585859298706,8,55
43.169580936431885,8,54
43.181577920913696,8,55
43.19366502761841,8,56
43.20559310913086,8,55
43.2175829410553,8,56
43.22958207130432,8,56
43.24161505699158,8,57
43.253596782684326,8,57
43.26563286781311,8,55
43.27763891220093,8,55
43.28962993621826,8,56
43.301620960235596,8,55
43.31362986564636,8,56
43.32563614845276,8,56
43.33762192726135,8,55
43.349653005599976,8,56
43.361648082733154,8,55
43.37359595298767,8,54
43.38562512397766,8,54
43.397592067718506,8,55
43.409618854522705,8,54
43.42156004905701,8,54
43.43385100364685,8,53
43.44569492340088,8,54
43.457602977752686,8,56
43.469597816467285,8,56
43.48160004615784,8,55
43.49359679222107,8,55
43.505606174468994,8,54
43.51760005950928,8,52
43.5295729637146,8,55
43.54156804084778,8,56
43.5535831451416,8,56
43.56558680534363,8,56
43.57757306098938,8,55
43.589576959609985,8,54
43.60172700881958,8,56
43.61359405517578,8,56
43.625592947006226,8,55
43.63758993148804,8,57
43.64958095550537,8,55
43.66158413887024,8,56
43.673585176467896,8,55
43.685595750808716,8,56
43.697606801986694,8,55
43.709545850753784,8,54
43.72154998779297,8,54
43.73352789878845,8,53
43.74556589126587,8,54
43.757587909698486,8,53
43.76964807510376,8,54
43.781643867492676,8,55
43.79366397857666,8,54
43.80563712120056,8,55
43.8176429271698,8,54
43.82966709136963,8,55
43.84165287017822,8,54
43.85364079475403,8,54
43.86564493179321,8,55
43.8776319026947,8,55
43.88963508605957,8,56
43.9016318321228,8,53
43.913634061813354,8,55
43.92564606666565,8,56
43.9376277923584,8,55
43.94972109794617,8,55
43.96161890029907,8,49
43.97362303733826,8,45
43.98561882972717,8,38
43.99761700630188,8,34
44.00956392288208,8,30
44.02162289619446,8,24
44.03360414505005,8,20
44.04560208320618,8,15
44.0575909614563,8,9
44.06958985328674,8,5
44.08158898353577,8,0
44.09359002113342,8,0
44.10558199882507,8,0
44.117595195770264,8,0
44.12958788871765,8,0
44.14159798622131,8,0
44.1536009311676,8,0
44.16559195518494,8,0
44.177550077438354,8,0
44.18954110145569,8,0
44.2017080783844,8,0
44.21358585357666,8,0
44.225574016571045,8,0
44.23753809928894,8,0
44.249568939208984,8,0
